,0,1,2,3,4,5,6,7,8,9,10,11
0,<ANN.ANN object at 0x115C3DF0>,0.9126179657462425,<ANN.ANN object at 0x115C3DF0>,0.9396481416754049,ANN,adam,relu,constant,700,0.001,0.0001,"(100, 90)"
1,<ANN.ANN object at 0x0132AAB0>,0.8979377839916113,<ANN.ANN object at 0x0132AAB0>,0.9466387044157054,ANN,adam,relu,constant,700,0.001,0.0001,"(100, 90, 80, 70)"
2,<ANN.ANN object at 0x115C3E70>,0.9105207969241524,<ANN.ANN object at 0x115C3E70>,0.9387160666433648,ANN,adam,relu,constant,700,0.001,0.0009,"(100, 90)"
3,<ANN.ANN object at 0x115C3ED0>,0.9080740999650472,<ANN.ANN object at 0x115C3ED0>,0.9461726668996854,ANN,adam,relu,constant,700,0.001,0.0009,"(100, 90, 80, 70)"
4,<ANN.ANN object at 0x115C3F70>,0.9105207969241524,<ANN.ANN object at 0x115C3F70>,0.9423278573925201,ANN,adam,relu,constant,700,0.001,1e-05,"(100, 90)"
5,<ANN.ANN object at 0x11631030>,0.9112198531981824,<ANN.ANN object at 0x11631030>,0.9467552137947105,ANN,adam,relu,constant,700,0.001,1e-05,"(100, 90, 80, 70)"
6,<ANN.ANN object at 0x11631070>,0.9080740999650472,<ANN.ANN object at 0x11631070>,0.9426773855295352,ANN,adam,relu,constant,700,0.01,0.0001,"(100, 90)"
7,<ANN.ANN object at 0x11631110>,0.9066759874169871,<ANN.ANN object at 0x11631110>,0.9430269136665501,ANN,adam,relu,constant,700,0.01,0.0001,"(100, 90, 80, 70)"
8,<ANN.ANN object at 0x11631050>,0.9038797623208669,<ANN.ANN object at 0x11631050>,0.9448910637306304,ANN,adam,relu,constant,700,0.01,0.0009,"(100, 90)"
9,<ANN.ANN object at 0x11631210>,0.9045788185948969,<ANN.ANN object at 0x11631210>,0.9446580449726203,ANN,adam,relu,constant,700,0.01,0.0009,"(100, 90, 80, 70)"
10,<ANN.ANN object at 0x11631190>,0.905976931142957,<ANN.ANN object at 0x11631190>,0.9443085168356052,ANN,adam,relu,constant,700,0.01,1e-05,"(100, 90)"
11,<ANN.ANN object at 0x11631310>,0.9021321216357917,<ANN.ANN object at 0x11631310>,0.941512291739485,ANN,adam,relu,constant,700,0.01,1e-05,"(100, 90, 80, 70)"
12,<ANN.ANN object at 0x11631390>,0.917511359664453,<ANN.ANN object at 0x11631390>,0.9253174880577887,ANN,adam,relu,constant,700,0.0001,0.0001,"(100, 90)"
13,<ANN.ANN object at 0x11631410>,0.905627403005942,<ANN.ANN object at 0x11631410>,0.9382500291273448,ANN,adam,relu,constant,700,0.0001,0.0001,"(100, 90, 80, 70)"
14,<ANN.ANN object at 0x115C3C30>,0.9171618315274379,<ANN.ANN object at 0x115C3C30>,0.929861353838984,ANN,adam,relu,constant,700,0.0001,0.0009,"(100, 90)"
15,<ANN.ANN object at 0x115C3C50>,0.9105207969241524,<ANN.ANN object at 0x115C3C50>,0.9389490854013748,ANN,adam,relu,constant,700,0.0001,0.0009,"(100, 90, 80, 70)"
16,<ANN.ANN object at 0x115C3730>,0.9182104159384831,<ANN.ANN object at 0x115C3730>,0.9274146568798788,ANN,adam,relu,constant,700,0.0001,1e-05,"(100, 90)"
17,<ANN.ANN object at 0x115C3C10>,0.9094722125131073,<ANN.ANN object at 0x115C3C10>,0.94116276360247,ANN,adam,relu,constant,700,0.0001,1e-05,"(100, 90, 80, 70)"
18,<ANN.ANN object at 0x115C3AD0>,0.9098217406501223,<ANN.ANN object at 0x115C3AD0>,0.9419783292555051,ANN,adam,relu,constant,1700,0.001,0.0001,"(100, 90)"
19,<ANN.ANN object at 0x115C36D0>,0.9031807060468368,<ANN.ANN object at 0x115C36D0>,0.9462891762786905,ANN,adam,relu,constant,1700,0.001,0.0001,"(100, 90, 80, 70)"
20,<ANN.ANN object at 0x115C38F0>,0.9070255155540021,<ANN.ANN object at 0x115C38F0>,0.9418618198765001,ANN,adam,relu,constant,1700,0.001,0.0009,"(100, 90)"
21,<ANN.ANN object at 0x115C3830>,0.9077245718280321,<ANN.ANN object at 0x115C3830>,0.9461726668996854,ANN,adam,relu,constant,1700,0.001,0.0009,"(100, 90, 80, 70)"
22,<ANN.ANN object at 0x116314D0>,0.9077245718280321,<ANN.ANN object at 0x116314D0>,0.9431434230455552,ANN,adam,relu,constant,1700,0.001,1e-05,"(100, 90)"
23,<ANN.ANN object at 0x11631550>,0.8916462775253408,<ANN.ANN object at 0x11631550>,0.9436094605615752,ANN,adam,relu,constant,1700,0.001,1e-05,"(100, 90, 80, 70)"
24,<ANN.ANN object at 0x11631490>,0.9000349528137015,<ANN.ANN object at 0x11631490>,0.9461726668996854,ANN,adam,relu,constant,1700,0.01,0.0001,"(100, 90)"
25,<ANN.ANN object at 0x116315D0>,0.9108703250611674,<ANN.ANN object at 0x116315D0>,0.9403471979494349,ANN,adam,relu,constant,1700,0.01,0.0001,"(100, 90, 80, 70)"
26,<ANN.ANN object at 0x11631650>,0.9049283467319119,<ANN.ANN object at 0x11631650>,0.9426773855295352,ANN,adam,relu,constant,1700,0.01,0.0009,"(100, 90)"
27,<ANN.ANN object at 0x11631750>,0.9070255155540021,<ANN.ANN object at 0x11631750>,0.9398811604334149,ANN,adam,relu,constant,1700,0.01,0.0009,"(100, 90, 80, 70)"
28,<ANN.ANN object at 0x116317D0>,0.8989863684026564,<ANN.ANN object at 0x116317D0>,0.9437259699405802,ANN,adam,relu,constant,1700,0.01,1e-05,"(100, 90)"
29,<ANN.ANN object at 0x11631850>,0.905627403005942,<ANN.ANN object at 0x11631850>,0.9361528603052546,ANN,adam,relu,constant,1700,0.01,1e-05,"(100, 90, 80, 70)"
30,<ANN.ANN object at 0x116318D0>,0.9196085284865432,<ANN.ANN object at 0x116318D0>,0.9270651287428638,ANN,adam,relu,constant,1700,0.0001,0.0001,"(100, 90)"
31,<ANN.ANN object at 0x11631950>,0.9094722125131073,<ANN.ANN object at 0x11631950>,0.9397646510544099,ANN,adam,relu,constant,1700,0.0001,0.0001,"(100, 90, 80, 70)"
32,<ANN.ANN object at 0x116319D0>,0.9199580566235582,<ANN.ANN object at 0x116319D0>,0.9262495630898288,ANN,adam,relu,constant,1700,0.0001,0.0009,"(100, 90)"
33,<ANN.ANN object at 0x11631A50>,0.905277874868927,<ANN.ANN object at 0x11631A50>,0.9443085168356052,ANN,adam,relu,constant,1700,0.0001,0.0009,"(100, 90, 80, 70)"
34,<ANN.ANN object at 0x11631AD0>,0.9203075847605732,<ANN.ANN object at 0x11631AD0>,0.9233368286147035,ANN,adam,relu,constant,1700,0.0001,1e-05,"(100, 90)"
35,<ANN.ANN object at 0x116316D0>,0.9101712687871374,<ANN.ANN object at 0x116316D0>,0.9398811604334149,ANN,adam,relu,constant,1700,0.0001,1e-05,"(100, 90, 80, 70)"
36,<ANN.ANN object at 0x11631B50>,0.9017825934987767,<ANN.ANN object at 0x11631B50>,0.9446580449726203,ANN,adam,relu,constant,2700,0.001,0.0001,"(100, 90)"
37,<ANN.ANN object at 0x11631C50>,0.9000349528137015,<ANN.ANN object at 0x11631C50>,0.9458231387626704,ANN,adam,relu,constant,2700,0.001,0.0001,"(100, 90, 80, 70)"
38,<ANN.ANN object at 0x11631BD0>,0.9143656064313177,<ANN.ANN object at 0x11631BD0>,0.9385995572643597,ANN,adam,relu,constant,2700,0.001,0.0009,"(100, 90)"
39,<ANN.ANN object at 0x11631D50>,0.9070255155540021,<ANN.ANN object at 0x11631D50>,0.9466387044157054,ANN,adam,relu,constant,2700,0.001,0.0009,"(100, 90, 80, 70)"
40,<ANN.ANN object at 0x11631CD0>,0.9154141908423629,<ANN.ANN object at 0x11631CD0>,0.9351042758942095,ANN,adam,relu,constant,2700,0.001,1e-05,"(100, 90)"
41,<ANN.ANN object at 0x11631E50>,0.9066759874169871,<ANN.ANN object at 0x11631E50>,0.9455901200046604,ANN,adam,relu,constant,2700,0.001,1e-05,"(100, 90, 80, 70)"
42,<ANN.ANN object at 0x11631ED0>,0.8982873121286263,<ANN.ANN object at 0x11631ED0>,0.9443085168356052,ANN,adam,relu,constant,2700,0.01,0.0001,"(100, 90)"
43,<ANN.ANN object at 0x11631DD0>,0.9129674938832576,<ANN.ANN object at 0x11631DD0>,0.9341722008621695,ANN,adam,relu,constant,2700,0.01,0.0001,"(100, 90, 80, 70)"
44,<ANN.ANN object at 0x11631F50>,0.9070255155540021,<ANN.ANN object at 0x11631F50>,0.9450075731096353,ANN,adam,relu,constant,2700,0.01,0.0009,"(100, 90)"
45,<ANN.ANN object at 0x11655030>,0.9073750436910172,<ANN.ANN object at 0x11655030>,0.9425608761505301,ANN,adam,relu,constant,2700,0.01,0.0009,"(100, 90, 80, 70)"
46,<ANN.ANN object at 0x116550F0>,0.8951415588954911,<ANN.ANN object at 0x116550F0>,0.9464056856576955,ANN,adam,relu,constant,2700,0.01,1e-05,"(100, 90)"
47,<ANN.ANN object at 0x11655170>,0.9133170220202727,<ANN.ANN object at 0x11655170>,0.9389490854013748,ANN,adam,relu,constant,2700,0.01,1e-05,"(100, 90, 80, 70)"
48,<ANN.ANN object at 0x116551F0>,0.9203075847605732,<ANN.ANN object at 0x116551F0>,0.9240358848887336,ANN,adam,relu,constant,2700,0.0001,0.0001,"(100, 90)"
49,<ANN.ANN object at 0x11655070>,0.9080740999650472,<ANN.ANN object at 0x11655070>,0.9430269136665501,ANN,adam,relu,constant,2700,0.0001,0.0001,"(100, 90, 80, 70)"
50,<ANN.ANN object at 0x11655270>,0.9189094722125131,<ANN.ANN object at 0x11655270>,0.9250844692997786,ANN,adam,relu,constant,2700,0.0001,0.0009,"(100, 90)"
51,<ANN.ANN object at 0x116552F0>,0.9129674938832576,<ANN.ANN object at 0x116552F0>,0.9338226727251544,ANN,adam,relu,constant,2700,0.0001,0.0009,"(100, 90, 80, 70)"
52,<ANN.ANN object at 0x116553F0>,0.9192590003495281,<ANN.ANN object at 0x116553F0>,0.9254339974367937,ANN,adam,relu,constant,2700,0.0001,1e-05,"(100, 90)"
53,<ANN.ANN object at 0x11655470>,0.9105207969241524,<ANN.ANN object at 0x11655470>,0.941046254223465,ANN,adam,relu,constant,2700,0.0001,1e-05,"(100, 90, 80, 70)"
54,<ANN.ANN object at 0x116554F0>,0.9147151345683328,<ANN.ANN object at 0x116554F0>,0.94116276360247,ANN,adam,relu,constant,3700,0.001,0.0001,"(100, 90)"
55,<ANN.ANN object at 0x11655370>,0.9098217406501223,<ANN.ANN object at 0x11655370>,0.9465221950367004,ANN,adam,relu,constant,3700,0.001,0.0001,"(100, 90, 80, 70)"
56,<ANN.ANN object at 0x11655570>,0.9087731562390773,<ANN.ANN object at 0x11655570>,0.9398811604334149,ANN,adam,relu,constant,3700,0.001,0.0009,"(100, 90)"
57,<ANN.ANN object at 0x11655670>,0.905976931142957,<ANN.ANN object at 0x11655670>,0.9468717231737155,ANN,adam,relu,constant,3700,0.001,0.0009,"(100, 90, 80, 70)"
58,<ANN.ANN object at 0x116555F0>,0.905976931142957,<ANN.ANN object at 0x116555F0>,0.9441920074566003,ANN,adam,relu,constant,3700,0.001,1e-05,"(100, 90)"
59,<ANN.ANN object at 0x11655770>,0.9021321216357917,<ANN.ANN object at 0x11655770>,0.9452405918676453,ANN,adam,relu,constant,3700,0.001,1e-05,"(100, 90, 80, 70)"
60,<ANN.ANN object at 0x116556F0>,0.9105207969241524,<ANN.ANN object at 0x116556F0>,0.9425608761505301,ANN,adam,relu,constant,3700,0.01,0.0001,"(100, 90)"
61,<ANN.ANN object at 0x11655870>,0.9073750436910172,<ANN.ANN object at 0x11655870>,0.9406967260864499,ANN,adam,relu,constant,3700,0.01,0.0001,"(100, 90, 80, 70)"
62,<ANN.ANN object at 0x116558F0>,0.9080740999650472,<ANN.ANN object at 0x116558F0>,0.9387160666433648,ANN,adam,relu,constant,3700,0.01,0.0009,"(100, 90)"
63,<ANN.ANN object at 0x116557F0>,0.9010835372247465,<ANN.ANN object at 0x116557F0>,0.94139578236048,ANN,adam,relu,constant,3700,0.01,0.0009,"(100, 90, 80, 70)"
64,<ANN.ANN object at 0x11655970>,0.9122684376092275,<ANN.ANN object at 0x11655970>,0.9439589886985902,ANN,adam,relu,constant,3700,0.01,1e-05,"(100, 90)"
65,<ANN.ANN object at 0x11655A70>,0.8993358965396715,<ANN.ANN object at 0x11655A70>,0.9448910637306304,ANN,adam,relu,constant,3700,0.01,1e-05,"(100, 90, 80, 70)"
66,<ANN.ANN object at 0x11655AF0>,0.9161132471163929,<ANN.ANN object at 0x11655AF0>,0.9275311662588839,ANN,adam,relu,constant,3700,0.0001,0.0001,"(100, 90)"
67,<ANN.ANN object at 0x116559F0>,0.9112198531981824,<ANN.ANN object at 0x116559F0>,0.9360363509262496,ANN,adam,relu,constant,3700,0.0001,0.0001,"(100, 90, 80, 70)"
68,<ANN.ANN object at 0x11655BF0>,0.9203075847605732,<ANN.ANN object at 0x11655BF0>,0.9249679599207736,ANN,adam,relu,constant,3700,0.0001,0.0009,"(100, 90)"
69,<ANN.ANN object at 0x11655B70>,0.9105207969241524,<ANN.ANN object at 0x11655B70>,0.941046254223465,ANN,adam,relu,constant,3700,0.0001,0.0009,"(100, 90, 80, 70)"
70,<ANN.ANN object at 0x11655CF0>,0.9203075847605732,<ANN.ANN object at 0x11655CF0>,0.9248514505417686,ANN,adam,relu,constant,3700,0.0001,1e-05,"(100, 90)"
71,<ANN.ANN object at 0x11655C70>,0.9084236281020622,<ANN.ANN object at 0x11655C70>,0.94162880111849,ANN,adam,relu,constant,3700,0.0001,1e-05,"(100, 90, 80, 70)"
72,<ANN.ANN object at 0x11655D70>,0.9119189094722125,<ANN.ANN object at 0x11655D70>,0.9388325760223698,ANN,adam,relu,constant,4700,0.001,0.0001,"(100, 90)"
73,<ANN.ANN object at 0x11655E70>,0.8993358965396715,<ANN.ANN object at 0x11655E70>,0.9464056856576955,ANN,adam,relu,constant,4700,0.001,0.0001,"(100, 90, 80, 70)"
74,<ANN.ANN object at 0x11655EF0>,0.906326459279972,<ANN.ANN object at 0x11655EF0>,0.9418618198765001,ANN,adam,relu,constant,4700,0.001,0.0009,"(100, 90)"
75,<ANN.ANN object at 0x11655DF0>,0.9049283467319119,<ANN.ANN object at 0x11655DF0>,0.9459396481416754,ANN,adam,relu,constant,4700,0.001,0.0009,"(100, 90, 80, 70)"
76,<ANN.ANN object at 0x16B3F030>,0.9105207969241524,<ANN.ANN object at 0x16B3F030>,0.9394151229173948,ANN,adam,relu,constant,4700,0.001,1e-05,"(100, 90)"
77,<ANN.ANN object at 0x16B3F070>,0.9101712687871374,<ANN.ANN object at 0x16B3F070>,0.9441920074566003,ANN,adam,relu,constant,4700,0.001,1e-05,"(100, 90, 80, 70)"
78,<ANN.ANN object at 0x16B3F110>,0.9021321216357917,<ANN.ANN object at 0x16B3F110>,0.9426773855295352,ANN,adam,relu,constant,4700,0.01,0.0001,"(100, 90)"
79,<ANN.ANN object at 0x16B3F090>,0.9010835372247465,<ANN.ANN object at 0x16B3F090>,0.9419783292555051,ANN,adam,relu,constant,4700,0.01,0.0001,"(100, 90, 80, 70)"
80,<ANN.ANN object at 0x16B3F210>,0.9045788185948969,<ANN.ANN object at 0x16B3F210>,0.9423278573925201,ANN,adam,relu,constant,4700,0.01,0.0009,"(100, 90)"
81,<ANN.ANN object at 0x16B3F290>,0.9091226843760922,<ANN.ANN object at 0x16B3F290>,0.94116276360247,ANN,adam,relu,constant,4700,0.01,0.0009,"(100, 90, 80, 70)"
82,<ANN.ANN object at 0x16B3F310>,0.9035302341838518,<ANN.ANN object at 0x16B3F310>,0.9448910637306304,ANN,adam,relu,constant,4700,0.01,1e-05,"(100, 90)"
83,<ANN.ANN object at 0x16B3F390>,0.9091226843760922,<ANN.ANN object at 0x16B3F390>,0.9396481416754049,ANN,adam,relu,constant,4700,0.01,1e-05,"(100, 90, 80, 70)"
84,<ANN.ANN object at 0x16B3F190>,0.917511359664453,<ANN.ANN object at 0x16B3F190>,0.9262495630898288,ANN,adam,relu,constant,4700,0.0001,0.0001,"(100, 90)"
85,<ANN.ANN object at 0x16B3F410>,0.9101712687871374,<ANN.ANN object at 0x16B3F410>,0.9394151229173948,ANN,adam,relu,constant,4700,0.0001,0.0001,"(100, 90, 80, 70)"
86,<ANN.ANN object at 0x16B3F510>,0.917860887801468,<ANN.ANN object at 0x16B3F510>,0.9253174880577887,ANN,adam,relu,constant,4700,0.0001,0.0009,"(100, 90)"
87,<ANN.ANN object at 0x16B3F590>,0.9087731562390773,<ANN.ANN object at 0x16B3F590>,0.94162880111849,ANN,adam,relu,constant,4700,0.0001,0.0009,"(100, 90, 80, 70)"
88,<ANN.ANN object at 0x16B3F490>,0.9171618315274379,<ANN.ANN object at 0x16B3F490>,0.9282302225329139,ANN,adam,relu,constant,4700,0.0001,1e-05,"(100, 90)"
89,<ANN.ANN object at 0x16B3F690>,0.9122684376092275,<ANN.ANN object at 0x16B3F690>,0.9366188978212746,ANN,adam,relu,constant,4700,0.0001,1e-05,"(100, 90, 80, 70)"
90,<ANN.ANN object at 0x16B3F710>,0.9091226843760922,<ANN.ANN object at 0x16B3F710>,0.9439589886985902,ANN,adam,relu,constant,5700,0.001,0.0001,"(100, 90)"
91,<ANN.ANN object at 0x16B3F610>,0.894092974484446,<ANN.ANN object at 0x16B3F610>,0.9443085168356052,ANN,adam,relu,constant,5700,0.001,0.0001,"(100, 90, 80, 70)"
92,<ANN.ANN object at 0x16B3F790>,0.9000349528137015,<ANN.ANN object at 0x16B3F790>,0.9422113480135151,ANN,adam,relu,constant,5700,0.001,0.0009,"(100, 90)"
93,<ANN.ANN object at 0x16B3F810>,0.8982873121286263,<ANN.ANN object at 0x16B3F810>,0.9462891762786905,ANN,adam,relu,constant,5700,0.001,0.0009,"(100, 90, 80, 70)"
94,<ANN.ANN object at 0x16B3F910>,0.9126179657462425,<ANN.ANN object at 0x16B3F910>,0.9370849353372946,ANN,adam,relu,constant,5700,0.001,1e-05,"(100, 90)"
95,<ANN.ANN object at 0x16B3F890>,0.9045788185948969,<ANN.ANN object at 0x16B3F890>,0.9451240824886403,ANN,adam,relu,constant,5700,0.001,1e-05,"(100, 90, 80, 70)"
96,<ANN.ANN object at 0x16B3F990>,0.8989863684026564,<ANN.ANN object at 0x16B3F990>,0.9451240824886403,ANN,adam,relu,constant,5700,0.01,0.0001,"(100, 90)"
97,<ANN.ANN object at 0x16B3FA10>,0.9045788185948969,<ANN.ANN object at 0x16B3FA10>,0.9418618198765001,ANN,adam,relu,constant,5700,0.01,0.0001,"(100, 90, 80, 70)"
98,<ANN.ANN object at 0x16B3FB10>,0.9098217406501223,<ANN.ANN object at 0x16B3FB10>,0.94092974484446,ANN,adam,relu,constant,5700,0.01,0.0009,"(100, 90)"
99,<ANN.ANN object at 0x16B3FB90>,0.9203075847605732,<ANN.ANN object at 0x16B3FB90>,0.9234533379937085,ANN,adam,relu,constant,5700,0.01,0.0009,"(100, 90, 80, 70)"
100,<ANN.ANN object at 0x16B3FA90>,0.9028311779098217,<ANN.ANN object at 0x16B3FA90>,0.9459396481416754,ANN,adam,relu,constant,5700,0.01,1e-05,"(100, 90)"
101,<ANN.ANN object at 0x16B3FC10>,0.9080740999650472,<ANN.ANN object at 0x16B3FC10>,0.9429104042875451,ANN,adam,relu,constant,5700,0.01,1e-05,"(100, 90, 80, 70)"
102,<ANN.ANN object at 0x16B3FD10>,0.9196085284865432,<ANN.ANN object at 0x16B3FD10>,0.9239193755097286,ANN,adam,relu,constant,5700,0.0001,0.0001,"(100, 90)"
103,<ANN.ANN object at 0x16B3FC90>,0.906326459279972,<ANN.ANN object at 0x16B3FC90>,0.9426773855295352,ANN,adam,relu,constant,5700,0.0001,0.0001,"(100, 90, 80, 70)"
104,<ANN.ANN object at 0x16B3FD90>,0.917860887801468,<ANN.ANN object at 0x16B3FD90>,0.9275311662588839,ANN,adam,relu,constant,5700,0.0001,0.0009,"(100, 90)"
105,<ANN.ANN object at 0x16B3FE90>,0.9150646627053478,<ANN.ANN object at 0x16B3FE90>,0.9313759757660491,ANN,adam,relu,constant,5700,0.0001,0.0009,"(100, 90, 80, 70)"
106,<ANN.ANN object at 0x16B3FE10>,0.9203075847605732,<ANN.ANN object at 0x16B3FE10>,0.9238028661307235,ANN,adam,relu,constant,5700,0.0001,1e-05,"(100, 90)"
107,<ANN.ANN object at 0x16B3FF10>,0.9010835372247465,<ANN.ANN object at 0x16B3FF10>,0.9444250262146103,ANN,adam,relu,constant,5700,0.0001,1e-05,"(100, 90, 80, 70)"
108,<ANN.ANN object at 0x16B5C030>,0.9024816497728068,<ANN.ANN object at 0x16B5C030>,0.9441920074566003,ANN,adam,relu,constant,6700,0.001,0.0001,"(100, 90)"
109,<ANN.ANN object at 0x16B5C0B0>,0.9080740999650472,<ANN.ANN object at 0x16B5C0B0>,0.9464056856576955,ANN,adam,relu,constant,6700,0.001,0.0001,"(100, 90, 80, 70)"
110,<ANN.ANN object at 0x16B5C130>,0.906326459279972,<ANN.ANN object at 0x16B5C130>,0.9455901200046604,ANN,adam,relu,constant,6700,0.001,0.0009,"(100, 90)"
111,<ANN.ANN object at 0x16B5C050>,0.8895491087032507,<ANN.ANN object at 0x16B5C050>,0.9437259699405802,ANN,adam,relu,constant,6700,0.001,0.0009,"(100, 90, 80, 70)"
112,<ANN.ANN object at 0x16B5C230>,0.9031807060468368,<ANN.ANN object at 0x16B5C230>,0.9436094605615752,ANN,adam,relu,constant,6700,0.001,1e-05,"(100, 90)"
113,<ANN.ANN object at 0x16B5C1B0>,0.9028311779098217,<ANN.ANN object at 0x16B5C1B0>,0.9478037982057556,ANN,adam,relu,constant,6700,0.001,1e-05,"(100, 90, 80, 70)"
114,<ANN.ANN object at 0x16B5C2B0>,0.9035302341838518,<ANN.ANN object at 0x16B5C2B0>,0.9454736106256554,ANN,adam,relu,constant,6700,0.01,0.0001,"(100, 90)"
115,<ANN.ANN object at 0x16B5C330>,0.9014330653617616,<ANN.ANN object at 0x16B5C330>,0.941046254223465,ANN,adam,relu,constant,6700,0.01,0.0001,"(100, 90, 80, 70)"
116,<ANN.ANN object at 0x16B5C3B0>,0.9094722125131073,<ANN.ANN object at 0x16B5C3B0>,0.9403471979494349,ANN,adam,relu,constant,6700,0.01,0.0009,"(100, 90)"
117,<ANN.ANN object at 0x16B5C430>,0.906326459279972,<ANN.ANN object at 0x16B5C430>,0.94162880111849,ANN,adam,relu,constant,6700,0.01,0.0009,"(100, 90, 80, 70)"
118,<ANN.ANN object at 0x16B5C530>,0.9014330653617616,<ANN.ANN object at 0x16B5C530>,0.9469882325527205,ANN,adam,relu,constant,6700,0.01,1e-05,"(100, 90)"
119,<ANN.ANN object at 0x16B5C4B0>,0.9094722125131073,<ANN.ANN object at 0x16B5C4B0>,0.94092974484446,ANN,adam,relu,constant,6700,0.01,1e-05,"(100, 90, 80, 70)"
120,<ANN.ANN object at 0x16B5C630>,0.9203075847605732,<ANN.ANN object at 0x16B5C630>,0.9245019224047536,ANN,adam,relu,constant,6700,0.0001,0.0001,"(100, 90)"
121,<ANN.ANN object at 0x16B5C6B0>,0.905627403005942,<ANN.ANN object at 0x16B5C6B0>,0.941046254223465,ANN,adam,relu,constant,6700,0.0001,0.0001,"(100, 90, 80, 70)"
122,<ANN.ANN object at 0x16B5C730>,0.9164627752534079,<ANN.ANN object at 0x16B5C730>,0.929861353838984,ANN,adam,relu,constant,6700,0.0001,0.0009,"(100, 90)"
123,<ANN.ANN object at 0x16B5C5B0>,0.9087731562390773,<ANN.ANN object at 0x16B5C5B0>,0.9391821041593849,ANN,adam,relu,constant,6700,0.0001,0.0009,"(100, 90, 80, 70)"
124,<ANN.ANN object at 0x16B5C7B0>,0.917860887801468,<ANN.ANN object at 0x16B5C7B0>,0.9260165443318187,ANN,adam,relu,constant,6700,0.0001,1e-05,"(100, 90)"
125,<ANN.ANN object at 0x16B5C830>,0.9098217406501223,<ANN.ANN object at 0x16B5C830>,0.9397646510544099,ANN,adam,relu,constant,6700,0.0001,1e-05,"(100, 90, 80, 70)"
126,<ANN.ANN object at 0x16B5C8B0>,0.905277874868927,<ANN.ANN object at 0x16B5C8B0>,0.9450075731096353,ANN,adam,relu,constant,7700,0.001,0.0001,"(100, 90)"
127,<ANN.ANN object at 0x16B5C930>,0.9045788185948969,<ANN.ANN object at 0x16B5C930>,0.9474542700687405,ANN,adam,relu,constant,7700,0.001,0.0001,"(100, 90, 80, 70)"
128,<ANN.ANN object at 0x16B5C9B0>,0.906326459279972,<ANN.ANN object at 0x16B5C9B0>,0.9440754980775953,ANN,adam,relu,constant,7700,0.001,0.0009,"(100, 90)"
129,<ANN.ANN object at 0x16B5CAB0>,0.8986368402656414,<ANN.ANN object at 0x16B5CAB0>,0.9471047419317256,ANN,adam,relu,constant,7700,0.001,0.0009,"(100, 90, 80, 70)"
130,<ANN.ANN object at 0x16B5CB30>,0.9108703250611674,<ANN.ANN object at 0x16B5CB30>,0.94092974484446,ANN,adam,relu,constant,7700,0.001,1e-05,"(100, 90)"
131,<ANN.ANN object at 0x16B5CBB0>,0.9108703250611674,<ANN.ANN object at 0x16B5CBB0>,0.9452405918676453,ANN,adam,relu,constant,7700,0.001,1e-05,"(100, 90, 80, 70)"
132,<ANN.ANN object at 0x16B5CC30>,0.8996854246766864,<ANN.ANN object at 0x16B5CC30>,0.94139578236048,ANN,adam,relu,constant,7700,0.01,0.0001,"(100, 90)"
133,<ANN.ANN object at 0x16B5CA30>,0.9038797623208669,<ANN.ANN object at 0x16B5CA30>,0.9408132354654549,ANN,adam,relu,constant,7700,0.01,0.0001,"(100, 90, 80, 70)"
134,<ANN.ANN object at 0x16B5CD30>,0.9031807060468368,<ANN.ANN object at 0x16B5CD30>,0.9455901200046604,ANN,adam,relu,constant,7700,0.01,0.0009,"(100, 90)"
135,<ANN.ANN object at 0x16B5CDB0>,0.8982873121286263,<ANN.ANN object at 0x16B5CDB0>,0.9417453104974951,ANN,adam,relu,constant,7700,0.01,0.0009,"(100, 90, 80, 70)"
136,<ANN.ANN object at 0x16B5CCB0>,0.8951415588954911,<ANN.ANN object at 0x16B5CCB0>,0.94092974484446,ANN,adam,relu,constant,7700,0.01,1e-05,"(100, 90)"
137,<ANN.ANN object at 0x16B5CE30>,0.9108703250611674,<ANN.ANN object at 0x16B5CE30>,0.9403471979494349,ANN,adam,relu,constant,7700,0.01,1e-05,"(100, 90, 80, 70)"
138,<ANN.ANN object at 0x16B5CEB0>,0.9196085284865432,<ANN.ANN object at 0x16B5CEB0>,0.9268321099848538,ANN,adam,relu,constant,7700,0.0001,0.0001,"(100, 90)"
139,<ANN.ANN object at 0x16B5CF30>,0.9014330653617616,<ANN.ANN object at 0x16B5CF30>,0.9450075731096353,ANN,adam,relu,constant,7700,0.0001,0.0001,"(100, 90, 80, 70)"
140,<ANN.ANN object at 0x1897E030>,0.9196085284865432,<ANN.ANN object at 0x1897E030>,0.9243854130257486,ANN,adam,relu,constant,7700,0.0001,0.0009,"(100, 90)"
141,<ANN.ANN object at 0x1897E0D0>,0.9084236281020622,<ANN.ANN object at 0x1897E0D0>,0.941512291739485,ANN,adam,relu,constant,7700,0.0001,0.0009,"(100, 90, 80, 70)"
142,<ANN.ANN object at 0x1897E050>,0.9182104159384831,<ANN.ANN object at 0x1897E050>,0.9282302225329139,ANN,adam,relu,constant,7700,0.0001,1e-05,"(100, 90)"
143,<ANN.ANN object at 0x1897E1D0>,0.9101712687871374,<ANN.ANN object at 0x1897E1D0>,0.94162880111849,ANN,adam,relu,constant,7700,0.0001,1e-05,"(100, 90, 80, 70)"
144,<ANN.ANN object at 0x1897E150>,0.905627403005942,<ANN.ANN object at 0x1897E150>,0.9444250262146103,ANN,adam,relu,constant,8700,0.001,0.0001,"(100, 90)"
145,<ANN.ANN object at 0x1897E250>,0.9045788185948969,<ANN.ANN object at 0x1897E250>,0.9467552137947105,ANN,adam,relu,constant,8700,0.001,0.0001,"(100, 90, 80, 70)"
146,<ANN.ANN object at 0x1897E350>,0.9070255155540021,<ANN.ANN object at 0x1897E350>,0.9443085168356052,ANN,adam,relu,constant,8700,0.001,0.0009,"(100, 90)"
147,<ANN.ANN object at 0x1897E3D0>,0.9042292904578818,<ANN.ANN object at 0x1897E3D0>,0.9472212513107305,ANN,adam,relu,constant,8700,0.001,0.0009,"(100, 90, 80, 70)"
148,<ANN.ANN object at 0x1897E2D0>,0.905627403005942,<ANN.ANN object at 0x1897E2D0>,0.9450075731096353,ANN,adam,relu,constant,8700,0.001,1e-05,"(100, 90)"
149,<ANN.ANN object at 0x1897E4D0>,0.8954910870325061,<ANN.ANN object at 0x1897E4D0>,0.9457066293836653,ANN,adam,relu,constant,8700,0.001,1e-05,"(100, 90, 80, 70)"
150,<ANN.ANN object at 0x1897E450>,0.906326459279972,<ANN.ANN object at 0x1897E450>,0.9408132354654549,ANN,adam,relu,constant,8700,0.01,0.0001,"(100, 90)"
151,<ANN.ANN object at 0x1897E5D0>,0.9045788185948969,<ANN.ANN object at 0x1897E5D0>,0.9427938949085402,ANN,adam,relu,constant,8700,0.01,0.0001,"(100, 90, 80, 70)"
152,<ANN.ANN object at 0x1897E650>,0.8993358965396715,<ANN.ANN object at 0x1897E650>,0.9436094605615752,ANN,adam,relu,constant,8700,0.01,0.0009,"(100, 90)"
153,<ANN.ANN object at 0x1897E6D0>,0.9028311779098217,<ANN.ANN object at 0x1897E6D0>,0.9403471979494349,ANN,adam,relu,constant,8700,0.01,0.0009,"(100, 90, 80, 70)"
154,<ANN.ANN object at 0x1897E550>,0.8958406151695212,<ANN.ANN object at 0x1897E550>,0.9418618198765001,ANN,adam,relu,constant,8700,0.01,1e-05,"(100, 90)"
155,<ANN.ANN object at 0x1897E750>,0.9080740999650472,<ANN.ANN object at 0x1897E750>,0.9431434230455552,ANN,adam,relu,constant,8700,0.01,1e-05,"(100, 90, 80, 70)"
156,<ANN.ANN object at 0x1897E850>,0.9189094722125131,<ANN.ANN object at 0x1897E850>,0.9265990912268438,ANN,adam,relu,constant,8700,0.0001,0.0001,"(100, 90)"
157,<ANN.ANN object at 0x1897E8D0>,0.9070255155540021,<ANN.ANN object at 0x1897E8D0>,0.9387160666433648,ANN,adam,relu,constant,8700,0.0001,0.0001,"(100, 90, 80, 70)"
158,<ANN.ANN object at 0x1897E7D0>,0.9185599440754981,<ANN.ANN object at 0x1897E7D0>,0.9268321099848538,ANN,adam,relu,constant,8700,0.0001,0.0009,"(100, 90)"
159,<ANN.ANN object at 0x1897E9D0>,0.906326459279972,<ANN.ANN object at 0x1897E9D0>,0.9454736106256554,ANN,adam,relu,constant,8700,0.0001,0.0009,"(100, 90, 80, 70)"
160,<ANN.ANN object at 0x1897EA50>,0.9203075847605732,<ANN.ANN object at 0x1897EA50>,0.9249679599207736,ANN,adam,relu,constant,8700,0.0001,1e-05,"(100, 90)"
161,<ANN.ANN object at 0x1897E950>,0.9126179657462425,<ANN.ANN object at 0x1897E950>,0.9419783292555051,ANN,adam,relu,constant,8700,0.0001,1e-05,"(100, 90, 80, 70)"
162,<ANN.ANN object at 0x1897EB50>,0.9133170220202727,<ANN.ANN object at 0x1897EB50>,0.940580216707445,ANN,adam,relu,constant,9700,0.001,0.0001,"(100, 90)"
163,<ANN.ANN object at 0x1897EBD0>,0.9070255155540021,<ANN.ANN object at 0x1897EBD0>,0.9459396481416754,ANN,adam,relu,constant,9700,0.001,0.0001,"(100, 90, 80, 70)"
164,<ANN.ANN object at 0x1897EAD0>,0.8989863684026564,<ANN.ANN object at 0x1897EAD0>,0.9430269136665501,ANN,adam,relu,constant,9700,0.001,0.0009,"(100, 90)"
165,<ANN.ANN object at 0x1897EC50>,0.905627403005942,<ANN.ANN object at 0x1897EC50>,0.9448910637306304,ANN,adam,relu,constant,9700,0.001,0.0009,"(100, 90, 80, 70)"
166,<ANN.ANN object at 0x1897ECD0>,0.9035302341838518,<ANN.ANN object at 0x1897ECD0>,0.941046254223465,ANN,adam,relu,constant,9700,0.001,1e-05,"(100, 90)"
167,<ANN.ANN object at 0x1897ED50>,0.8930443900734009,<ANN.ANN object at 0x1897ED50>,0.9423278573925201,ANN,adam,relu,constant,9700,0.001,1e-05,"(100, 90, 80, 70)"
168,<ANN.ANN object at 0x1897EE50>,0.906326459279972,<ANN.ANN object at 0x1897EE50>,0.9444250262146103,ANN,adam,relu,constant,9700,0.01,0.0001,"(100, 90)"
169,<ANN.ANN object at 0x1897EED0>,0.9077245718280321,<ANN.ANN object at 0x1897EED0>,0.94209483863451,ANN,adam,relu,constant,9700,0.01,0.0001,"(100, 90, 80, 70)"
170,<ANN.ANN object at 0x1897EDD0>,0.8993358965396715,<ANN.ANN object at 0x1897EDD0>,0.9417453104974951,ANN,adam,relu,constant,9700,0.01,0.0009,"(100, 90)"
171,<ANN.ANN object at 0x1897EF50>,0.9091226843760922,<ANN.ANN object at 0x1897EF50>,0.9401141791914249,ANN,adam,relu,constant,9700,0.01,0.0009,"(100, 90, 80, 70)"
172,<ANN.ANN object at 0x1899D030>,0.906326459279972,<ANN.ANN object at 0x1899D030>,0.9469882325527205,ANN,adam,relu,constant,9700,0.01,1e-05,"(100, 90)"
173,<ANN.ANN object at 0x1899D070>,0.9066759874169871,<ANN.ANN object at 0x1899D070>,0.9419783292555051,ANN,adam,relu,constant,9700,0.01,1e-05,"(100, 90, 80, 70)"
174,<ANN.ANN object at 0x1899D170>,0.9203075847605732,<ANN.ANN object at 0x1899D170>,0.9240358848887336,ANN,adam,relu,constant,9700,0.0001,0.0001,"(100, 90)"
175,<ANN.ANN object at 0x1899D0F0>,0.905627403005942,<ANN.ANN object at 0x1899D0F0>,0.9433764418035652,ANN,adam,relu,constant,9700,0.0001,0.0001,"(100, 90, 80, 70)"
176,<ANN.ANN object at 0x1899D1F0>,0.9185599440754981,<ANN.ANN object at 0x1899D1F0>,0.9249679599207736,ANN,adam,relu,constant,9700,0.0001,0.0009,"(100, 90)"
177,<ANN.ANN object at 0x1899D2F0>,0.9073750436910172,<ANN.ANN object at 0x1899D2F0>,0.9401141791914249,ANN,adam,relu,constant,9700,0.0001,0.0009,"(100, 90, 80, 70)"
178,<ANN.ANN object at 0x1899D370>,0.9171618315274379,<ANN.ANN object at 0x1899D370>,0.9283467319119189,ANN,adam,relu,constant,9700,0.0001,1e-05,"(100, 90)"
179,<ANN.ANN object at 0x1899D270>,0.9115693813351975,<ANN.ANN object at 0x1899D270>,0.9424443667715251,ANN,adam,relu,constant,9700,0.0001,1e-05,"(100, 90, 80, 70)"
180,<ANN.ANN object at 0x1899D3F0>,0.9140160782943026,<ANN.ANN object at 0x1899D3F0>,0.9395316322963999,ANN,adam,relu,invscaling,700,0.001,0.0001,"(100, 90)"
181,<ANN.ANN object at 0x1899D470>,0.9014330653617616,<ANN.ANN object at 0x1899D470>,0.9461726668996854,ANN,adam,relu,invscaling,700,0.001,0.0001,"(100, 90, 80, 70)"
182,<ANN.ANN object at 0x1899D570>,0.9098217406501223,<ANN.ANN object at 0x1899D570>,0.9408132354654549,ANN,adam,relu,invscaling,700,0.001,0.0009,"(100, 90)"
183,<ANN.ANN object at 0x1899D4F0>,0.8996854246766864,<ANN.ANN object at 0x1899D4F0>,0.9454736106256554,ANN,adam,relu,invscaling,700,0.001,0.0009,"(100, 90, 80, 70)"
184,<ANN.ANN object at 0x1899D5F0>,0.9073750436910172,<ANN.ANN object at 0x1899D5F0>,0.9443085168356052,ANN,adam,relu,invscaling,700,0.001,1e-05,"(100, 90)"
185,<ANN.ANN object at 0x1899D6F0>,0.9024816497728068,<ANN.ANN object at 0x1899D6F0>,0.9476872888267506,ANN,adam,relu,invscaling,700,0.001,1e-05,"(100, 90, 80, 70)"
186,<ANN.ANN object at 0x1899D670>,0.9038797623208669,<ANN.ANN object at 0x1899D670>,0.9459396481416754,ANN,adam,relu,invscaling,700,0.01,0.0001,"(100, 90)"
187,<ANN.ANN object at 0x1899D770>,0.9098217406501223,<ANN.ANN object at 0x1899D770>,0.941046254223465,ANN,adam,relu,invscaling,700,0.01,0.0001,"(100, 90, 80, 70)"
188,<ANN.ANN object at 0x1899D7F0>,0.8926948619363859,<ANN.ANN object at 0x1899D7F0>,0.9424443667715251,ANN,adam,relu,invscaling,700,0.01,0.0009,"(100, 90)"
189,<ANN.ANN object at 0x1899D870>,0.9094722125131073,<ANN.ANN object at 0x1899D870>,0.9396481416754049,ANN,adam,relu,invscaling,700,0.01,0.0009,"(100, 90, 80, 70)"
190,<ANN.ANN object at 0x1899D970>,0.9028311779098217,<ANN.ANN object at 0x1899D970>,0.9461726668996854,ANN,adam,relu,invscaling,700,0.01,1e-05,"(100, 90)"
191,<ANN.ANN object at 0x1899D9F0>,0.9070255155540021,<ANN.ANN object at 0x1899D9F0>,0.9431434230455552,ANN,adam,relu,invscaling,700,0.01,1e-05,"(100, 90, 80, 70)"
192,<ANN.ANN object at 0x1899D8F0>,0.9192590003495281,<ANN.ANN object at 0x1899D8F0>,0.9248514505417686,ANN,adam,relu,invscaling,700,0.0001,0.0001,"(100, 90)"
193,<ANN.ANN object at 0x1899DAF0>,0.9133170220202727,<ANN.ANN object at 0x1899DAF0>,0.9348712571361995,ANN,adam,relu,invscaling,700,0.0001,0.0001,"(100, 90, 80, 70)"
194,<ANN.ANN object at 0x1899DA70>,0.9203075847605732,<ANN.ANN object at 0x1899DA70>,0.9263660724688337,ANN,adam,relu,invscaling,700,0.0001,0.0009,"(100, 90)"
195,<ANN.ANN object at 0x1899DB70>,0.9080740999650472,<ANN.ANN object at 0x1899DB70>,0.9401141791914249,ANN,adam,relu,invscaling,700,0.0001,0.0009,"(100, 90, 80, 70)"
196,<ANN.ANN object at 0x1899DC70>,0.9196085284865432,<ANN.ANN object at 0x1899DC70>,0.9247349411627636,ANN,adam,relu,invscaling,700,0.0001,1e-05,"(100, 90)"
197,<ANN.ANN object at 0x1899DBF0>,0.9087731562390773,<ANN.ANN object at 0x1899DBF0>,0.9384830478853547,ANN,adam,relu,invscaling,700,0.0001,1e-05,"(100, 90, 80, 70)"
198,<ANN.ANN object at 0x1899DCF0>,0.9133170220202727,<ANN.ANN object at 0x1899DCF0>,0.9377839916113248,ANN,adam,relu,invscaling,1700,0.001,0.0001,"(100, 90)"
199,<ANN.ANN object at 0x1899DD70>,0.9042292904578818,<ANN.ANN object at 0x1899DD70>,0.9447745543516253,ANN,adam,relu,invscaling,1700,0.001,0.0001,"(100, 90, 80, 70)"
200,<ANN.ANN object at 0x1899DE70>,0.8996854246766864,<ANN.ANN object at 0x1899DE70>,0.9447745543516253,ANN,adam,relu,invscaling,1700,0.001,0.0009,"(100, 90)"
201,<ANN.ANN object at 0x1899DDF0>,0.9024816497728068,<ANN.ANN object at 0x1899DDF0>,0.9475707794477456,ANN,adam,relu,invscaling,1700,0.001,0.0009,"(100, 90, 80, 70)"
202,<ANN.ANN object at 0x1899DF70>,0.9080740999650472,<ANN.ANN object at 0x1899DF70>,0.9382500291273448,ANN,adam,relu,invscaling,1700,0.001,1e-05,"(100, 90)"
203,<ANN.ANN object at 0x1AAF5070>,0.9007340090877316,<ANN.ANN object at 0x1AAF5070>,0.9471047419317256,ANN,adam,relu,invscaling,1700,0.001,1e-05,"(100, 90, 80, 70)"
204,<ANN.ANN object at 0x1AAF5030>,0.9024816497728068,<ANN.ANN object at 0x1AAF5030>,0.9460561575206804,ANN,adam,relu,invscaling,1700,0.01,0.0001,"(100, 90)"
205,<ANN.ANN object at 0x1AAF5090>,0.9070255155540021,<ANN.ANN object at 0x1AAF5090>,0.9439589886985902,ANN,adam,relu,invscaling,1700,0.01,0.0001,"(100, 90, 80, 70)"
206,<ANN.ANN object at 0x1AAF5110>,0.9021321216357917,<ANN.ANN object at 0x1AAF5110>,0.9433764418035652,ANN,adam,relu,invscaling,1700,0.01,0.0009,"(100, 90)"
207,<ANN.ANN object at 0x1AAF5210>,0.905277874868927,<ANN.ANN object at 0x1AAF5210>,0.9418618198765001,ANN,adam,relu,invscaling,1700,0.01,0.0009,"(100, 90, 80, 70)"
208,<ANN.ANN object at 0x1AAF5290>,0.9101712687871374,<ANN.ANN object at 0x1AAF5290>,0.9425608761505301,ANN,adam,relu,invscaling,1700,0.01,1e-05,"(100, 90)"
209,<ANN.ANN object at 0x1AAF5310>,0.9105207969241524,<ANN.ANN object at 0x1AAF5310>,0.9387160666433648,ANN,adam,relu,invscaling,1700,0.01,1e-05,"(100, 90, 80, 70)"
210,<ANN.ANN object at 0x1AAF5390>,0.9189094722125131,<ANN.ANN object at 0x1AAF5390>,0.9272981475008738,ANN,adam,relu,invscaling,1700,0.0001,0.0001,"(100, 90)"
211,<ANN.ANN object at 0x1AAF5190>,0.9077245718280321,<ANN.ANN object at 0x1AAF5190>,0.9396481416754049,ANN,adam,relu,invscaling,1700,0.0001,0.0001,"(100, 90, 80, 70)"
212,<ANN.ANN object at 0x1AAF5490>,0.9199580566235582,<ANN.ANN object at 0x1AAF5490>,0.9268321099848538,ANN,adam,relu,invscaling,1700,0.0001,0.0009,"(100, 90)"
213,<ANN.ANN object at 0x1AAF5510>,0.9101712687871374,<ANN.ANN object at 0x1AAF5510>,0.9397646510544099,ANN,adam,relu,invscaling,1700,0.0001,0.0009,"(100, 90, 80, 70)"
214,<ANN.ANN object at 0x1AAF5410>,0.9164627752534079,<ANN.ANN object at 0x1AAF5410>,0.928463241290924,ANN,adam,relu,invscaling,1700,0.0001,1e-05,"(100, 90)"
215,<ANN.ANN object at 0x1AAF5610>,0.905976931142957,<ANN.ANN object at 0x1AAF5610>,0.941046254223465,ANN,adam,relu,invscaling,1700,0.0001,1e-05,"(100, 90, 80, 70)"
216,<ANN.ANN object at 0x1AAF5590>,0.8989863684026564,<ANN.ANN object at 0x1AAF5590>,0.9464056856576955,ANN,adam,relu,invscaling,2700,0.001,0.0001,"(100, 90)"
217,<ANN.ANN object at 0x1AAF5690>,0.9098217406501223,<ANN.ANN object at 0x1AAF5690>,0.940580216707445,ANN,adam,relu,invscaling,2700,0.001,0.0001,"(100, 90, 80, 70)"
218,<ANN.ANN object at 0x1AAF5790>,0.9007340090877316,<ANN.ANN object at 0x1AAF5790>,0.9440754980775953,ANN,adam,relu,invscaling,2700,0.001,0.0009,"(100, 90)"
219,<ANN.ANN object at 0x1AAF5810>,0.9000349528137015,<ANN.ANN object at 0x1AAF5810>,0.9458231387626704,ANN,adam,relu,invscaling,2700,0.001,0.0009,"(100, 90, 80, 70)"
220,<ANN.ANN object at 0x1AAF5710>,0.9108703250611674,<ANN.ANN object at 0x1AAF5710>,0.9424443667715251,ANN,adam,relu,invscaling,2700,0.001,1e-05,"(100, 90)"
221,<ANN.ANN object at 0x1AAF5890>,0.906326459279972,<ANN.ANN object at 0x1AAF5890>,0.9454736106256554,ANN,adam,relu,invscaling,2700,0.001,1e-05,"(100, 90, 80, 70)"
222,<ANN.ANN object at 0x1AAF5990>,0.9028311779098217,<ANN.ANN object at 0x1AAF5990>,0.9448910637306304,ANN,adam,relu,invscaling,2700,0.01,0.0001,"(100, 90)"
223,<ANN.ANN object at 0x1AAF5910>,0.9045788185948969,<ANN.ANN object at 0x1AAF5910>,0.9436094605615752,ANN,adam,relu,invscaling,2700,0.01,0.0001,"(100, 90, 80, 70)"
224,<ANN.ANN object at 0x1AAF5A10>,0.9003844809507165,<ANN.ANN object at 0x1AAF5A10>,0.9447745543516253,ANN,adam,relu,invscaling,2700,0.01,0.0009,"(100, 90)"
225,<ANN.ANN object at 0x1AAF5A90>,0.9133170220202727,<ANN.ANN object at 0x1AAF5A90>,0.9380170103693347,ANN,adam,relu,invscaling,2700,0.01,0.0009,"(100, 90, 80, 70)"
226,<ANN.ANN object at 0x1AAF5B10>,0.9091226843760922,<ANN.ANN object at 0x1AAF5B10>,0.9380170103693347,ANN,adam,relu,invscaling,2700,0.01,1e-05,"(100, 90)"
227,<ANN.ANN object at 0x1AAF5B90>,0.9164627752534079,<ANN.ANN object at 0x1AAF5B90>,0.9356868227892345,ANN,adam,relu,invscaling,2700,0.01,1e-05,"(100, 90, 80, 70)"
228,<ANN.ANN object at 0x1AAF5C90>,0.917860887801468,<ANN.ANN object at 0x1AAF5C90>,0.9272981475008738,ANN,adam,relu,invscaling,2700,0.0001,0.0001,"(100, 90)"
229,<ANN.ANN object at 0x1AAF5D10>,0.9112198531981824,<ANN.ANN object at 0x1AAF5D10>,0.9381335197483397,ANN,adam,relu,invscaling,2700,0.0001,0.0001,"(100, 90, 80, 70)"
230,<ANN.ANN object at 0x1AAF5C10>,0.9196085284865432,<ANN.ANN object at 0x1AAF5C10>,0.9239193755097286,ANN,adam,relu,invscaling,2700,0.0001,0.0009,"(100, 90)"
231,<ANN.ANN object at 0x1AAF5D90>,0.9087731562390773,<ANN.ANN object at 0x1AAF5D90>,0.94092974484446,ANN,adam,relu,invscaling,2700,0.0001,0.0009,"(100, 90, 80, 70)"
232,<ANN.ANN object at 0x1AAF5E10>,0.9203075847605732,<ANN.ANN object at 0x1AAF5E10>,0.9246184317837586,ANN,adam,relu,invscaling,2700,0.0001,1e-05,"(100, 90)"
233,<ANN.ANN object at 0x1AAF5E90>,0.9084236281020622,<ANN.ANN object at 0x1AAF5E90>,0.9375509728533147,ANN,adam,relu,invscaling,2700,0.0001,1e-05,"(100, 90, 80, 70)"
234,<ANN.ANN object at 0x1AAF5F10>,0.9119189094722125,<ANN.ANN object at 0x1AAF5F10>,0.9383665385063498,ANN,adam,relu,invscaling,3700,0.001,0.0001,"(100, 90)"
235,<ANN.ANN object at 0x1AB14090>,0.905627403005942,<ANN.ANN object at 0x1AB14090>,0.9468717231737155,ANN,adam,relu,invscaling,3700,0.001,0.0001,"(100, 90, 80, 70)"
236,<ANN.ANN object at 0x1AB14070>,0.9066759874169871,<ANN.ANN object at 0x1AB14070>,0.9430269136665501,ANN,adam,relu,invscaling,3700,0.001,0.0009,"(100, 90)"
237,<ANN.ANN object at 0x1AB14050>,0.9024816497728068,<ANN.ANN object at 0x1AB14050>,0.9458231387626704,ANN,adam,relu,invscaling,3700,0.001,0.0009,"(100, 90, 80, 70)"
238,<ANN.ANN object at 0x1AB14130>,0.9070255155540021,<ANN.ANN object at 0x1AB14130>,0.9446580449726203,ANN,adam,relu,invscaling,3700,0.001,1e-05,"(100, 90)"
239,<ANN.ANN object at 0x1AB141B0>,0.9094722125131073,<ANN.ANN object at 0x1AB141B0>,0.9454736106256554,ANN,adam,relu,invscaling,3700,0.001,1e-05,"(100, 90, 80, 70)"
240,<ANN.ANN object at 0x1AB142B0>,0.9031807060468368,<ANN.ANN object at 0x1AB142B0>,0.9397646510544099,ANN,adam,relu,invscaling,3700,0.01,0.0001,"(100, 90)"
241,<ANN.ANN object at 0x1AB14330>,0.905277874868927,<ANN.ANN object at 0x1AB14330>,0.9417453104974951,ANN,adam,relu,invscaling,3700,0.01,0.0001,"(100, 90, 80, 70)"
242,<ANN.ANN object at 0x1AB14230>,0.9084236281020622,<ANN.ANN object at 0x1AB14230>,0.9466387044157054,ANN,adam,relu,invscaling,3700,0.01,0.0009,"(100, 90)"
243,<ANN.ANN object at 0x1AB143B0>,0.9003844809507165,<ANN.ANN object at 0x1AB143B0>,0.9427938949085402,ANN,adam,relu,invscaling,3700,0.01,0.0009,"(100, 90, 80, 70)"
244,<ANN.ANN object at 0x1AB14430>,0.9070255155540021,<ANN.ANN object at 0x1AB14430>,0.9445415355936153,ANN,adam,relu,invscaling,3700,0.01,1e-05,"(100, 90)"
245,<ANN.ANN object at 0x1AB14530>,0.9112198531981824,<ANN.ANN object at 0x1AB14530>,0.9394151229173948,ANN,adam,relu,invscaling,3700,0.01,1e-05,"(100, 90, 80, 70)"
246,<ANN.ANN object at 0x1AB145B0>,0.9196085284865432,<ANN.ANN object at 0x1AB145B0>,0.9253174880577887,ANN,adam,relu,invscaling,3700,0.0001,0.0001,"(100, 90)"
247,<ANN.ANN object at 0x1AB14630>,0.9101712687871374,<ANN.ANN object at 0x1AB14630>,0.9367354072002796,ANN,adam,relu,invscaling,3700,0.0001,0.0001,"(100, 90, 80, 70)"
248,<ANN.ANN object at 0x1AB146B0>,0.9203075847605732,<ANN.ANN object at 0x1AB146B0>,0.9241523942677385,ANN,adam,relu,invscaling,3700,0.0001,0.0009,"(100, 90)"
249,<ANN.ANN object at 0x1AB144B0>,0.9105207969241524,<ANN.ANN object at 0x1AB144B0>,0.94046370732844,ANN,adam,relu,invscaling,3700,0.0001,0.0009,"(100, 90, 80, 70)"
250,<ANN.ANN object at 0x1AB147B0>,0.9164627752534079,<ANN.ANN object at 0x1AB147B0>,0.928812769427939,ANN,adam,relu,invscaling,3700,0.0001,1e-05,"(100, 90)"
251,<ANN.ANN object at 0x1AB14830>,0.906326459279972,<ANN.ANN object at 0x1AB14830>,0.9429104042875451,ANN,adam,relu,invscaling,3700,0.0001,1e-05,"(100, 90, 80, 70)"
252,<ANN.ANN object at 0x1AB148B0>,0.9122684376092275,<ANN.ANN object at 0x1AB148B0>,0.9408132354654549,ANN,adam,relu,invscaling,4700,0.001,0.0001,"(100, 90)"
253,<ANN.ANN object at 0x1AB14730>,0.9049283467319119,<ANN.ANN object at 0x1AB14730>,0.9473377606897355,ANN,adam,relu,invscaling,4700,0.001,0.0001,"(100, 90, 80, 70)"
254,<ANN.ANN object at 0x1AB14930>,0.9147151345683328,<ANN.ANN object at 0x1AB14930>,0.9365023884422696,ANN,adam,relu,invscaling,4700,0.001,0.0009,"(100, 90)"
255,<ANN.ANN object at 0x1AB14A30>,0.9115693813351975,<ANN.ANN object at 0x1AB14A30>,0.9436094605615752,ANN,adam,relu,invscaling,4700,0.001,0.0009,"(100, 90, 80, 70)"
256,<ANN.ANN object at 0x1AB14AB0>,0.905976931142957,<ANN.ANN object at 0x1AB14AB0>,0.9450075731096353,ANN,adam,relu,invscaling,4700,0.001,1e-05,"(100, 90)"
257,<ANN.ANN object at 0x1AB149B0>,0.9035302341838518,<ANN.ANN object at 0x1AB149B0>,0.9462891762786905,ANN,adam,relu,invscaling,4700,0.001,1e-05,"(100, 90, 80, 70)"
258,<ANN.ANN object at 0x1AB14B30>,0.9115693813351975,<ANN.ANN object at 0x1AB14B30>,0.9370849353372946,ANN,adam,relu,invscaling,4700,0.01,0.0001,"(100, 90)"
259,<ANN.ANN object at 0x1AB14C30>,0.9115693813351975,<ANN.ANN object at 0x1AB14C30>,0.9385995572643597,ANN,adam,relu,invscaling,4700,0.01,0.0001,"(100, 90, 80, 70)"
260,<ANN.ANN object at 0x1AB14BB0>,0.9038797623208669,<ANN.ANN object at 0x1AB14BB0>,0.94116276360247,ANN,adam,relu,invscaling,4700,0.01,0.0009,"(100, 90)"
261,<ANN.ANN object at 0x1AB14CB0>,0.9105207969241524,<ANN.ANN object at 0x1AB14CB0>,0.9387160666433648,ANN,adam,relu,invscaling,4700,0.01,0.0009,"(100, 90, 80, 70)"
262,<ANN.ANN object at 0x1AB14D30>,0.9066759874169871,<ANN.ANN object at 0x1AB14D30>,0.94209483863451,ANN,adam,relu,invscaling,4700,0.01,1e-05,"(100, 90)"
263,<ANN.ANN object at 0x1AB14DB0>,0.9007340090877316,<ANN.ANN object at 0x1AB14DB0>,0.9431434230455552,ANN,adam,relu,invscaling,4700,0.01,1e-05,"(100, 90, 80, 70)"
264,<ANN.ANN object at 0x1AB14E30>,0.9199580566235582,<ANN.ANN object at 0x1AB14E30>,0.9238028661307235,ANN,adam,relu,invscaling,4700,0.0001,0.0001,"(100, 90)"
265,<ANN.ANN object at 0x1AB14EB0>,0.9098217406501223,<ANN.ANN object at 0x1AB14EB0>,0.9391821041593849,ANN,adam,relu,invscaling,4700,0.0001,0.0001,"(100, 90, 80, 70)"
266,<ANN.ANN object at 0x1AB14F30>,0.9199580566235582,<ANN.ANN object at 0x1AB14F30>,0.9241523942677385,ANN,adam,relu,invscaling,4700,0.0001,0.0009,"(100, 90)"
267,<ANN.ANN object at 0x1D8D9050>,0.9073750436910172,<ANN.ANN object at 0x1D8D9050>,0.9398811604334149,ANN,adam,relu,invscaling,4700,0.0001,0.0009,"(100, 90, 80, 70)"
268,<ANN.ANN object at 0x1D8D90D0>,0.9189094722125131,<ANN.ANN object at 0x1D8D90D0>,0.9269486193638588,ANN,adam,relu,invscaling,4700,0.0001,1e-05,"(100, 90)"
269,<ANN.ANN object at 0x1D8D9150>,0.9115693813351975,<ANN.ANN object at 0x1D8D9150>,0.9346382383781895,ANN,adam,relu,invscaling,4700,0.0001,1e-05,"(100, 90, 80, 70)"
270,<ANN.ANN object at 0x1D8D91D0>,0.9070255155540021,<ANN.ANN object at 0x1D8D91D0>,0.9418618198765001,ANN,adam,relu,invscaling,5700,0.001,0.0001,"(100, 90)"
271,<ANN.ANN object at 0x1D8D9250>,0.8982873121286263,<ANN.ANN object at 0x1D8D9250>,0.9457066293836653,ANN,adam,relu,invscaling,5700,0.001,0.0001,"(100, 90, 80, 70)"
272,<ANN.ANN object at 0x1D8D9030>,0.9136665501572877,<ANN.ANN object at 0x1D8D9030>,0.9342887102411744,ANN,adam,relu,invscaling,5700,0.001,0.0009,"(100, 90)"
273,<ANN.ANN object at 0x1D8D9350>,0.8993358965396715,<ANN.ANN object at 0x1D8D9350>,0.9469882325527205,ANN,adam,relu,invscaling,5700,0.001,0.0009,"(100, 90, 80, 70)"
274,<ANN.ANN object at 0x1D8D93D0>,0.9049283467319119,<ANN.ANN object at 0x1D8D93D0>,0.9436094605615752,ANN,adam,relu,invscaling,5700,0.001,1e-05,"(100, 90)"
275,<ANN.ANN object at 0x1D8D92D0>,0.8993358965396715,<ANN.ANN object at 0x1D8D92D0>,0.9451240824886403,ANN,adam,relu,invscaling,5700,0.001,1e-05,"(100, 90, 80, 70)"
276,<ANN.ANN object at 0x1D8D9450>,0.8996854246766864,<ANN.ANN object at 0x1D8D9450>,0.9464056856576955,ANN,adam,relu,invscaling,5700,0.01,0.0001,"(100, 90)"
277,<ANN.ANN object at 0x1D8D94D0>,0.9031807060468368,<ANN.ANN object at 0x1D8D94D0>,0.9430269136665501,ANN,adam,relu,invscaling,5700,0.01,0.0001,"(100, 90, 80, 70)"
278,<ANN.ANN object at 0x1D8D9550>,0.8982873121286263,<ANN.ANN object at 0x1D8D9550>,0.9438424793195852,ANN,adam,relu,invscaling,5700,0.01,0.0009,"(100, 90)"
279,<ANN.ANN object at 0x1D8D95D0>,0.9028311779098217,<ANN.ANN object at 0x1D8D95D0>,0.9427938949085402,ANN,adam,relu,invscaling,5700,0.01,0.0009,"(100, 90, 80, 70)"
280,<ANN.ANN object at 0x1D8D9650>,0.9007340090877316,<ANN.ANN object at 0x1D8D9650>,0.9447745543516253,ANN,adam,relu,invscaling,5700,0.01,1e-05,"(100, 90)"
281,<ANN.ANN object at 0x1D8D9750>,0.9126179657462425,<ANN.ANN object at 0x1D8D9750>,0.9312594663870442,ANN,adam,relu,invscaling,5700,0.01,1e-05,"(100, 90, 80, 70)"
282,<ANN.ANN object at 0x1D8D97D0>,0.916812303390423,<ANN.ANN object at 0x1D8D97D0>,0.9309099382500291,ANN,adam,relu,invscaling,5700,0.0001,0.0001,"(100, 90)"
283,<ANN.ANN object at 0x1D8D9850>,0.9038797623208669,<ANN.ANN object at 0x1D8D9850>,0.9422113480135151,ANN,adam,relu,invscaling,5700,0.0001,0.0001,"(100, 90, 80, 70)"
284,<ANN.ANN object at 0x1D8D98D0>,0.9203075847605732,<ANN.ANN object at 0x1D8D98D0>,0.9242689036467435,ANN,adam,relu,invscaling,5700,0.0001,0.0009,"(100, 90)"
285,<ANN.ANN object at 0x1D8D96D0>,0.9108703250611674,<ANN.ANN object at 0x1D8D96D0>,0.9372014447162996,ANN,adam,relu,invscaling,5700,0.0001,0.0009,"(100, 90, 80, 70)"
286,<ANN.ANN object at 0x1D8D99D0>,0.9189094722125131,<ANN.ANN object at 0x1D8D99D0>,0.9255505068157986,ANN,adam,relu,invscaling,5700,0.0001,1e-05,"(100, 90)"
287,<ANN.ANN object at 0x1D8D9950>,0.9140160782943026,<ANN.ANN object at 0x1D8D9950>,0.9319585226610743,ANN,adam,relu,invscaling,5700,0.0001,1e-05,"(100, 90, 80, 70)"
288,<ANN.ANN object at 0x1D8D9A50>,0.9101712687871374,<ANN.ANN object at 0x1D8D9A50>,0.9396481416754049,ANN,adam,relu,invscaling,6700,0.001,0.0001,"(100, 90)"
289,<ANN.ANN object at 0x1D8D9AD0>,0.8993358965396715,<ANN.ANN object at 0x1D8D9AD0>,0.9471047419317256,ANN,adam,relu,invscaling,6700,0.001,0.0001,"(100, 90, 80, 70)"
290,<ANN.ANN object at 0x1D8D9B50>,0.8986368402656414,<ANN.ANN object at 0x1D8D9B50>,0.9429104042875451,ANN,adam,relu,invscaling,6700,0.001,0.0009,"(100, 90)"
291,<ANN.ANN object at 0x1D8D9C50>,0.9042292904578818,<ANN.ANN object at 0x1D8D9C50>,0.9474542700687405,ANN,adam,relu,invscaling,6700,0.001,0.0009,"(100, 90, 80, 70)"
292,<ANN.ANN object at 0x1D8D9CD0>,0.9087731562390773,<ANN.ANN object at 0x1D8D9CD0>,0.9459396481416754,ANN,adam,relu,invscaling,6700,0.001,1e-05,"(100, 90)"
293,<ANN.ANN object at 0x1D8D9BD0>,0.9024816497728068,<ANN.ANN object at 0x1D8D9BD0>,0.9457066293836653,ANN,adam,relu,invscaling,6700,0.001,1e-05,"(100, 90, 80, 70)"
294,<ANN.ANN object at 0x1D8D9D50>,0.9014330653617616,<ANN.ANN object at 0x1D8D9D50>,0.9450075731096353,ANN,adam,relu,invscaling,6700,0.01,0.0001,"(100, 90)"
295,<ANN.ANN object at 0x1D8D9DD0>,0.906326459279972,<ANN.ANN object at 0x1D8D9DD0>,0.9431434230455552,ANN,adam,relu,invscaling,6700,0.01,0.0001,"(100, 90, 80, 70)"
296,<ANN.ANN object at 0x1D8D9E50>,0.9024816497728068,<ANN.ANN object at 0x1D8D9E50>,0.9457066293836653,ANN,adam,relu,invscaling,6700,0.01,0.0009,"(100, 90)"
297,<ANN.ANN object at 0x1D8D9ED0>,0.8989863684026564,<ANN.ANN object at 0x1D8D9ED0>,0.9432599324245602,ANN,adam,relu,invscaling,6700,0.01,0.0009,"(100, 90, 80, 70)"
298,<ANN.ANN object at 0x1D8D9F50>,0.9007340090877316,<ANN.ANN object at 0x1D8D9F50>,0.9459396481416754,ANN,adam,relu,invscaling,6700,0.01,1e-05,"(100, 90)"
299,<ANN.ANN object at 0x1D8F9050>,0.9077245718280321,<ANN.ANN object at 0x1D8F9050>,0.9440754980775953,ANN,adam,relu,invscaling,6700,0.01,1e-05,"(100, 90, 80, 70)"
300,<ANN.ANN object at 0x1D8F9030>,0.9203075847605732,<ANN.ANN object at 0x1D8F9030>,0.9234533379937085,ANN,adam,relu,invscaling,6700,0.0001,0.0001,"(100, 90)"
301,<ANN.ANN object at 0x1D8F90F0>,0.9098217406501223,<ANN.ANN object at 0x1D8F90F0>,0.9389490854013748,ANN,adam,relu,invscaling,6700,0.0001,0.0001,"(100, 90, 80, 70)"
302,<ANN.ANN object at 0x1D8F91F0>,0.917511359664453,<ANN.ANN object at 0x1D8F91F0>,0.928463241290924,ANN,adam,relu,invscaling,6700,0.0001,0.0009,"(100, 90)"
303,<ANN.ANN object at 0x1D8F9270>,0.9007340090877316,<ANN.ANN object at 0x1D8F9270>,0.9441920074566003,ANN,adam,relu,invscaling,6700,0.0001,0.0009,"(100, 90, 80, 70)"
304,<ANN.ANN object at 0x1D8F92F0>,0.9189094722125131,<ANN.ANN object at 0x1D8F92F0>,0.9257835255738087,ANN,adam,relu,invscaling,6700,0.0001,1e-05,"(100, 90)"
305,<ANN.ANN object at 0x1D8F9170>,0.9049283467319119,<ANN.ANN object at 0x1D8F9170>,0.9418618198765001,ANN,adam,relu,invscaling,6700,0.0001,1e-05,"(100, 90, 80, 70)"
306,<ANN.ANN object at 0x1D8F93F0>,0.9084236281020622,<ANN.ANN object at 0x1D8F93F0>,0.9439589886985902,ANN,adam,relu,invscaling,7700,0.001,0.0001,"(100, 90)"
307,<ANN.ANN object at 0x1D8F9470>,0.9038797623208669,<ANN.ANN object at 0x1D8F9470>,0.9461726668996854,ANN,adam,relu,invscaling,7700,0.001,0.0001,"(100, 90, 80, 70)"
308,<ANN.ANN object at 0x1D8F9370>,0.9143656064313177,<ANN.ANN object at 0x1D8F9370>,0.9356868227892345,ANN,adam,relu,invscaling,7700,0.001,0.0009,"(100, 90)"
309,<ANN.ANN object at 0x1D8F9570>,0.9049283467319119,<ANN.ANN object at 0x1D8F9570>,0.9455901200046604,ANN,adam,relu,invscaling,7700,0.001,0.0009,"(100, 90, 80, 70)"
310,<ANN.ANN object at 0x1D8F95F0>,0.906326459279972,<ANN.ANN object at 0x1D8F95F0>,0.9425608761505301,ANN,adam,relu,invscaling,7700,0.001,1e-05,"(100, 90)"
311,<ANN.ANN object at 0x1D8F94F0>,0.9045788185948969,<ANN.ANN object at 0x1D8F94F0>,0.9471047419317256,ANN,adam,relu,invscaling,7700,0.001,1e-05,"(100, 90, 80, 70)"
312,<ANN.ANN object at 0x1D8F96F0>,0.9017825934987767,<ANN.ANN object at 0x1D8F96F0>,0.9466387044157054,ANN,adam,relu,invscaling,7700,0.01,0.0001,"(100, 90)"
313,<ANN.ANN object at 0x1D8F9770>,0.9000349528137015,<ANN.ANN object at 0x1D8F9770>,0.9445415355936153,ANN,adam,relu,invscaling,7700,0.01,0.0001,"(100, 90, 80, 70)"
314,<ANN.ANN object at 0x1D8F9670>,0.9119189094722125,<ANN.ANN object at 0x1D8F9670>,0.9369684259582897,ANN,adam,relu,invscaling,7700,0.01,0.0009,"(100, 90)"
315,<ANN.ANN object at 0x1D8F97F0>,0.9084236281020622,<ANN.ANN object at 0x1D8F97F0>,0.9422113480135151,ANN,adam,relu,invscaling,7700,0.01,0.0009,"(100, 90, 80, 70)"
316,<ANN.ANN object at 0x1D8F98F0>,0.906326459279972,<ANN.ANN object at 0x1D8F98F0>,0.9439589886985902,ANN,adam,relu,invscaling,7700,0.01,1e-05,"(100, 90)"
317,<ANN.ANN object at 0x1D8F9970>,0.9042292904578818,<ANN.ANN object at 0x1D8F9970>,0.941279272981475,ANN,adam,relu,invscaling,7700,0.01,1e-05,"(100, 90, 80, 70)"
318,<ANN.ANN object at 0x1D8F9870>,0.9171618315274379,<ANN.ANN object at 0x1D8F9870>,0.930560410113014,ANN,adam,relu,invscaling,7700,0.0001,0.0001,"(100, 90)"
319,<ANN.ANN object at 0x1D8F9A70>,0.9115693813351975,<ANN.ANN object at 0x1D8F9A70>,0.9366188978212746,ANN,adam,relu,invscaling,7700,0.0001,0.0001,"(100, 90, 80, 70)"
320,<ANN.ANN object at 0x1D8F99F0>,0.9189094722125131,<ANN.ANN object at 0x1D8F99F0>,0.9268321099848538,ANN,adam,relu,invscaling,7700,0.0001,0.0009,"(100, 90)"
321,<ANN.ANN object at 0x1D8F9AF0>,0.9031807060468368,<ANN.ANN object at 0x1D8F9AF0>,0.941046254223465,ANN,adam,relu,invscaling,7700,0.0001,0.0009,"(100, 90, 80, 70)"
322,<ANN.ANN object at 0x1D8F9B70>,0.9189094722125131,<ANN.ANN object at 0x1D8F9B70>,0.9271816381218688,ANN,adam,relu,invscaling,7700,0.0001,1e-05,"(100, 90)"
323,<ANN.ANN object at 0x1D8F9BF0>,0.9003844809507165,<ANN.ANN object at 0x1D8F9BF0>,0.9460561575206804,ANN,adam,relu,invscaling,7700,0.0001,1e-05,"(100, 90, 80, 70)"
324,<ANN.ANN object at 0x1D8F9C70>,0.9007340090877316,<ANN.ANN object at 0x1D8F9C70>,0.9445415355936153,ANN,adam,relu,invscaling,8700,0.001,0.0001,"(100, 90)"
325,<ANN.ANN object at 0x1D8F9CF0>,0.9094722125131073,<ANN.ANN object at 0x1D8F9CF0>,0.9453571012466504,ANN,adam,relu,invscaling,8700,0.001,0.0001,"(100, 90, 80, 70)"
326,<ANN.ANN object at 0x1D8F9DF0>,0.9000349528137015,<ANN.ANN object at 0x1D8F9DF0>,0.9452405918676453,ANN,adam,relu,invscaling,8700,0.001,0.0009,"(100, 90)"
327,<ANN.ANN object at 0x1D8F9E70>,0.9080740999650472,<ANN.ANN object at 0x1D8F9E70>,0.9450075731096353,ANN,adam,relu,invscaling,8700,0.001,0.0009,"(100, 90, 80, 70)"
328,<ANN.ANN object at 0x1D8F9D70>,0.9087731562390773,<ANN.ANN object at 0x1D8F9D70>,0.9439589886985902,ANN,adam,relu,invscaling,8700,0.001,1e-05,"(100, 90)"
329,<ANN.ANN object at 0x1D8F9F70>,0.9024816497728068,<ANN.ANN object at 0x1D8F9F70>,0.9471047419317256,ANN,adam,relu,invscaling,8700,0.001,1e-05,"(100, 90, 80, 70)"
330,<ANN.ANN object at 0x1F3EF030>,0.9108703250611674,<ANN.ANN object at 0x1F3EF030>,0.941046254223465,ANN,adam,relu,invscaling,8700,0.01,0.0001,"(100, 90)"
331,<ANN.ANN object at 0x1F3EF050>,0.9042292904578818,<ANN.ANN object at 0x1F3EF050>,0.941512291739485,ANN,adam,relu,invscaling,8700,0.01,0.0001,"(100, 90, 80, 70)"
332,<ANN.ANN object at 0x1F3EF110>,0.9066759874169871,<ANN.ANN object at 0x1F3EF110>,0.9446580449726203,ANN,adam,relu,invscaling,8700,0.01,0.0009,"(100, 90)"
333,<ANN.ANN object at 0x1F3EF070>,0.9077245718280321,<ANN.ANN object at 0x1F3EF070>,0.94092974484446,ANN,adam,relu,invscaling,8700,0.01,0.0009,"(100, 90, 80, 70)"
334,<ANN.ANN object at 0x1F3EF190>,0.9049283467319119,<ANN.ANN object at 0x1F3EF190>,0.9433764418035652,ANN,adam,relu,invscaling,8700,0.01,1e-05,"(100, 90)"
335,<ANN.ANN object at 0x1F3EF290>,0.9021321216357917,<ANN.ANN object at 0x1F3EF290>,0.941279272981475,ANN,adam,relu,invscaling,8700,0.01,1e-05,"(100, 90, 80, 70)"
336,<ANN.ANN object at 0x1F3EF210>,0.917860887801468,<ANN.ANN object at 0x1F3EF210>,0.9268321099848538,ANN,adam,relu,invscaling,8700,0.0001,0.0001,"(100, 90)"
337,<ANN.ANN object at 0x1F3EF310>,0.9066759874169871,<ANN.ANN object at 0x1F3EF310>,0.9422113480135151,ANN,adam,relu,invscaling,8700,0.0001,0.0001,"(100, 90, 80, 70)"
338,<ANN.ANN object at 0x1F3EF410>,0.9182104159384831,<ANN.ANN object at 0x1F3EF410>,0.9270651287428638,ANN,adam,relu,invscaling,8700,0.0001,0.0009,"(100, 90)"
339,<ANN.ANN object at 0x1F3EF490>,0.9154141908423629,<ANN.ANN object at 0x1F3EF490>,0.929861353838984,ANN,adam,relu,invscaling,8700,0.0001,0.0009,"(100, 90, 80, 70)"
340,<ANN.ANN object at 0x1F3EF510>,0.9185599440754981,<ANN.ANN object at 0x1F3EF510>,0.9259000349528137,ANN,adam,relu,invscaling,8700,0.0001,1e-05,"(100, 90)"
341,<ANN.ANN object at 0x1F3EF590>,0.9098217406501223,<ANN.ANN object at 0x1F3EF590>,0.9402306885704299,ANN,adam,relu,invscaling,8700,0.0001,1e-05,"(100, 90, 80, 70)"
342,<ANN.ANN object at 0x1F3EF610>,0.9045788185948969,<ANN.ANN object at 0x1F3EF610>,0.9440754980775953,ANN,adam,relu,invscaling,9700,0.001,0.0001,"(100, 90)"
343,<ANN.ANN object at 0x1F3EF390>,0.9000349528137015,<ANN.ANN object at 0x1F3EF390>,0.9459396481416754,ANN,adam,relu,invscaling,9700,0.001,0.0001,"(100, 90, 80, 70)"
344,<ANN.ANN object at 0x1F3EF690>,0.9091226843760922,<ANN.ANN object at 0x1F3EF690>,0.9426773855295352,ANN,adam,relu,invscaling,9700,0.001,0.0009,"(100, 90)"
345,<ANN.ANN object at 0x1F3EF790>,0.9094722125131073,<ANN.ANN object at 0x1F3EF790>,0.9455901200046604,ANN,adam,relu,invscaling,9700,0.001,0.0009,"(100, 90, 80, 70)"
346,<ANN.ANN object at 0x1F3EF710>,0.905976931142957,<ANN.ANN object at 0x1F3EF710>,0.9447745543516253,ANN,adam,relu,invscaling,9700,0.001,1e-05,"(100, 90)"
347,<ANN.ANN object at 0x1F3EF810>,0.9024816497728068,<ANN.ANN object at 0x1F3EF810>,0.9459396481416754,ANN,adam,relu,invscaling,9700,0.001,1e-05,"(100, 90, 80, 70)"
348,<ANN.ANN object at 0x1F3EF890>,0.9066759874169871,<ANN.ANN object at 0x1F3EF890>,0.9441920074566003,ANN,adam,relu,invscaling,9700,0.01,0.0001,"(100, 90)"
349,<ANN.ANN object at 0x1F3EF990>,0.9003844809507165,<ANN.ANN object at 0x1F3EF990>,0.9424443667715251,ANN,adam,relu,invscaling,9700,0.01,0.0001,"(100, 90, 80, 70)"
350,<ANN.ANN object at 0x1F3EF910>,0.8986368402656414,<ANN.ANN object at 0x1F3EF910>,0.9425608761505301,ANN,adam,relu,invscaling,9700,0.01,0.0009,"(100, 90)"
351,<ANN.ANN object at 0x1F3EFA10>,0.9042292904578818,<ANN.ANN object at 0x1F3EFA10>,0.9441920074566003,ANN,adam,relu,invscaling,9700,0.01,0.0009,"(100, 90, 80, 70)"
352,<ANN.ANN object at 0x1F3EFA90>,0.8961901433065361,<ANN.ANN object at 0x1F3EFA90>,0.9441920074566003,ANN,adam,relu,invscaling,9700,0.01,1e-05,"(100, 90)"
353,<ANN.ANN object at 0x1F3EFB10>,0.9133170220202727,<ANN.ANN object at 0x1F3EFB10>,0.9333566352091344,ANN,adam,relu,invscaling,9700,0.01,1e-05,"(100, 90, 80, 70)"
354,<ANN.ANN object at 0x1F3EFB90>,0.9164627752534079,<ANN.ANN object at 0x1F3EFB90>,0.9268321099848538,ANN,adam,relu,invscaling,9700,0.0001,0.0001,"(100, 90)"
355,<ANN.ANN object at 0x1F3EFC90>,0.9105207969241524,<ANN.ANN object at 0x1F3EFC90>,0.9402306885704299,ANN,adam,relu,invscaling,9700,0.0001,0.0001,"(100, 90, 80, 70)"
356,<ANN.ANN object at 0x1F3EFD10>,0.9196085284865432,<ANN.ANN object at 0x1F3EFD10>,0.9250844692997786,ANN,adam,relu,invscaling,9700,0.0001,0.0009,"(100, 90)"
357,<ANN.ANN object at 0x1F3EFC10>,0.905277874868927,<ANN.ANN object at 0x1F3EFC10>,0.9439589886985902,ANN,adam,relu,invscaling,9700,0.0001,0.0009,"(100, 90, 80, 70)"
358,<ANN.ANN object at 0x1F3EFE10>,0.9143656064313177,<ANN.ANN object at 0x1F3EFE10>,0.9304439007340091,ANN,adam,relu,invscaling,9700,0.0001,1e-05,"(100, 90)"
359,<ANN.ANN object at 0x1F3EFD90>,0.9035302341838518,<ANN.ANN object at 0x1F3EFD90>,0.941279272981475,ANN,adam,relu,invscaling,9700,0.0001,1e-05,"(100, 90, 80, 70)"
360,<ANN.ANN object at 0x1F3EFE90>,0.9045788185948969,<ANN.ANN object at 0x1F3EFE90>,0.9448910637306304,ANN,adam,relu,adaptive,700,0.001,0.0001,"(100, 90)"
361,<ANN.ANN object at 0x1F3EFF10>,0.8905976931142957,<ANN.ANN object at 0x1F3EFF10>,0.9452405918676453,ANN,adam,relu,adaptive,700,0.001,0.0001,"(100, 90, 80, 70)"
362,<ANN.ANN object at 0x1F410050>,0.906326459279972,<ANN.ANN object at 0x1F410050>,0.9433764418035652,ANN,adam,relu,adaptive,700,0.001,0.0009,"(100, 90)"
363,<ANN.ANN object at 0x1F4100B0>,0.8986368402656414,<ANN.ANN object at 0x1F4100B0>,0.9465221950367004,ANN,adam,relu,adaptive,700,0.001,0.0009,"(100, 90, 80, 70)"
364,<ANN.ANN object at 0x1F410030>,0.9042292904578818,<ANN.ANN object at 0x1F410030>,0.9446580449726203,ANN,adam,relu,adaptive,700,0.001,1e-05,"(100, 90)"
365,<ANN.ANN object at 0x1F4101B0>,0.8930443900734009,<ANN.ANN object at 0x1F4101B0>,0.941279272981475,ANN,adam,relu,adaptive,700,0.001,1e-05,"(100, 90, 80, 70)"
366,<ANN.ANN object at 0x1F410230>,0.906326459279972,<ANN.ANN object at 0x1F410230>,0.9455901200046604,ANN,adam,relu,adaptive,700,0.01,0.0001,"(100, 90)"
367,<ANN.ANN object at 0x1F410130>,0.9136665501572877,<ANN.ANN object at 0x1F410130>,0.9408132354654549,ANN,adam,relu,adaptive,700,0.01,0.0001,"(100, 90, 80, 70)"
368,<ANN.ANN object at 0x1F4102B0>,0.9070255155540021,<ANN.ANN object at 0x1F4102B0>,0.9434929511825701,ANN,adam,relu,adaptive,700,0.01,0.0009,"(100, 90)"
369,<ANN.ANN object at 0x1F4103B0>,0.9094722125131073,<ANN.ANN object at 0x1F4103B0>,0.941279272981475,ANN,adam,relu,adaptive,700,0.01,0.0009,"(100, 90, 80, 70)"
370,<ANN.ANN object at 0x1F410330>,0.9084236281020622,<ANN.ANN object at 0x1F410330>,0.9418618198765001,ANN,adam,relu,adaptive,700,0.01,1e-05,"(100, 90)"
371,<ANN.ANN object at 0x1F4104B0>,0.9035302341838518,<ANN.ANN object at 0x1F4104B0>,0.9424443667715251,ANN,adam,relu,adaptive,700,0.01,1e-05,"(100, 90, 80, 70)"
372,<ANN.ANN object at 0x1F410530>,0.9161132471163929,<ANN.ANN object at 0x1F410530>,0.929395316322964,ANN,adam,relu,adaptive,700,0.0001,0.0001,"(100, 90)"
373,<ANN.ANN object at 0x1F4105B0>,0.9098217406501223,<ANN.ANN object at 0x1F4105B0>,0.9419783292555051,ANN,adam,relu,adaptive,700,0.0001,0.0001,"(100, 90, 80, 70)"
374,<ANN.ANN object at 0x1F410430>,0.9196085284865432,<ANN.ANN object at 0x1F410430>,0.9247349411627636,ANN,adam,relu,adaptive,700,0.0001,0.0009,"(100, 90)"
375,<ANN.ANN object at 0x1F410630>,0.9042292904578818,<ANN.ANN object at 0x1F410630>,0.9441920074566003,ANN,adam,relu,adaptive,700,0.0001,0.0009,"(100, 90, 80, 70)"
376,<ANN.ANN object at 0x1F410730>,0.9203075847605732,<ANN.ANN object at 0x1F410730>,0.9243854130257486,ANN,adam,relu,adaptive,700,0.0001,1e-05,"(100, 90)"
377,<ANN.ANN object at 0x1F4106B0>,0.905627403005942,<ANN.ANN object at 0x1F4106B0>,0.9383665385063498,ANN,adam,relu,adaptive,700,0.0001,1e-05,"(100, 90, 80, 70)"
378,<ANN.ANN object at 0x1F4107B0>,0.9035302341838518,<ANN.ANN object at 0x1F4107B0>,0.9447745543516253,ANN,adam,relu,adaptive,1700,0.001,0.0001,"(100, 90)"
379,<ANN.ANN object at 0x1F410830>,0.9014330653617616,<ANN.ANN object at 0x1F410830>,0.9466387044157054,ANN,adam,relu,adaptive,1700,0.001,0.0001,"(100, 90, 80, 70)"
380,<ANN.ANN object at 0x1F410930>,0.9122684376092275,<ANN.ANN object at 0x1F410930>,0.9395316322963999,ANN,adam,relu,adaptive,1700,0.001,0.0009,"(100, 90)"
381,<ANN.ANN object at 0x1F4109B0>,0.9024816497728068,<ANN.ANN object at 0x1F4109B0>,0.9452405918676453,ANN,adam,relu,adaptive,1700,0.001,0.0009,"(100, 90, 80, 70)"
382,<ANN.ANN object at 0x1F4108B0>,0.8961901433065361,<ANN.ANN object at 0x1F4108B0>,0.9452405918676453,ANN,adam,relu,adaptive,1700,0.001,1e-05,"(100, 90)"
383,<ANN.ANN object at 0x1F410A30>,0.9101712687871374,<ANN.ANN object at 0x1F410A30>,0.9450075731096353,ANN,adam,relu,adaptive,1700,0.001,1e-05,"(100, 90, 80, 70)"
384,<ANN.ANN object at 0x1F410B30>,0.905277874868927,<ANN.ANN object at 0x1F410B30>,0.9437259699405802,ANN,adam,relu,adaptive,1700,0.01,0.0001,"(100, 90)"
385,<ANN.ANN object at 0x1F410AB0>,0.9073750436910172,<ANN.ANN object at 0x1F410AB0>,0.94092974484446,ANN,adam,relu,adaptive,1700,0.01,0.0001,"(100, 90, 80, 70)"
386,<ANN.ANN object at 0x1F410C30>,0.9028311779098217,<ANN.ANN object at 0x1F410C30>,0.9468717231737155,ANN,adam,relu,adaptive,1700,0.01,0.0009,"(100, 90)"
387,<ANN.ANN object at 0x1F410BB0>,0.9108703250611674,<ANN.ANN object at 0x1F410BB0>,0.940580216707445,ANN,adam,relu,adaptive,1700,0.01,0.0009,"(100, 90, 80, 70)"
388,<ANN.ANN object at 0x1F410CB0>,0.9049283467319119,<ANN.ANN object at 0x1F410CB0>,0.9461726668996854,ANN,adam,relu,adaptive,1700,0.01,1e-05,"(100, 90)"
389,<ANN.ANN object at 0x1F410D30>,0.9087731562390773,<ANN.ANN object at 0x1F410D30>,0.9419783292555051,ANN,adam,relu,adaptive,1700,0.01,1e-05,"(100, 90, 80, 70)"
390,<ANN.ANN object at 0x1F410E30>,0.9203075847605732,<ANN.ANN object at 0x1F410E30>,0.9240358848887336,ANN,adam,relu,adaptive,1700,0.0001,0.0001,"(100, 90)"
391,<ANN.ANN object at 0x1F410DB0>,0.9112198531981824,<ANN.ANN object at 0x1F410DB0>,0.9369684259582897,ANN,adam,relu,adaptive,1700,0.0001,0.0001,"(100, 90, 80, 70)"
392,<ANN.ANN object at 0x1F410EB0>,0.9185599440754981,<ANN.ANN object at 0x1F410EB0>,0.9272981475008738,ANN,adam,relu,adaptive,1700,0.0001,0.0009,"(100, 90)"
393,<ANN.ANN object at 0x1F410F30>,0.9133170220202727,<ANN.ANN object at 0x1F410F30>,0.9328905976931143,ANN,adam,relu,adaptive,1700,0.0001,0.0009,"(100, 90, 80, 70)"
394,<ANN.ANN object at 0x20DD1070>,0.916812303390423,<ANN.ANN object at 0x20DD1070>,0.9285797506699289,ANN,adam,relu,adaptive,1700,0.0001,1e-05,"(100, 90)"
395,<ANN.ANN object at 0x20DD10B0>,0.9108703250611674,<ANN.ANN object at 0x20DD10B0>,0.9390655947803799,ANN,adam,relu,adaptive,1700,0.0001,1e-05,"(100, 90, 80, 70)"
396,<ANN.ANN object at 0x20DD1090>,0.9122684376092275,<ANN.ANN object at 0x20DD1090>,0.9342887102411744,ANN,adam,relu,adaptive,2700,0.001,0.0001,"(100, 90)"
397,<ANN.ANN object at 0x20DD1150>,0.9108703250611674,<ANN.ANN object at 0x20DD1150>,0.9417453104974951,ANN,adam,relu,adaptive,2700,0.001,0.0001,"(100, 90, 80, 70)"
398,<ANN.ANN object at 0x20DD1250>,0.9129674938832576,<ANN.ANN object at 0x20DD1250>,0.9341722008621695,ANN,adam,relu,adaptive,2700,0.001,0.0009,"(100, 90)"
399,<ANN.ANN object at 0x20DD12D0>,0.9105207969241524,<ANN.ANN object at 0x20DD12D0>,0.9446580449726203,ANN,adam,relu,adaptive,2700,0.001,0.0009,"(100, 90, 80, 70)"
400,<ANN.ANN object at 0x20DD1350>,0.9105207969241524,<ANN.ANN object at 0x20DD1350>,0.940580216707445,ANN,adam,relu,adaptive,2700,0.001,1e-05,"(100, 90)"
401,<ANN.ANN object at 0x20DD11D0>,0.9108703250611674,<ANN.ANN object at 0x20DD11D0>,0.9434929511825701,ANN,adam,relu,adaptive,2700,0.001,1e-05,"(100, 90, 80, 70)"
402,<ANN.ANN object at 0x20DD1450>,0.9150646627053478,<ANN.ANN object at 0x20DD1450>,0.9372014447162996,ANN,adam,relu,adaptive,2700,0.01,0.0001,"(100, 90)"
403,<ANN.ANN object at 0x20DD13D0>,0.905627403005942,<ANN.ANN object at 0x20DD13D0>,0.9462891762786905,ANN,adam,relu,adaptive,2700,0.01,0.0001,"(100, 90, 80, 70)"
404,<ANN.ANN object at 0x20DD14D0>,0.9119189094722125,<ANN.ANN object at 0x20DD14D0>,0.94116276360247,ANN,adam,relu,adaptive,2700,0.01,0.0009,"(100, 90)"
405,<ANN.ANN object at 0x20DD15D0>,0.9000349528137015,<ANN.ANN object at 0x20DD15D0>,0.9441920074566003,ANN,adam,relu,adaptive,2700,0.01,0.0009,"(100, 90, 80, 70)"
406,<ANN.ANN object at 0x20DD1650>,0.9073750436910172,<ANN.ANN object at 0x20DD1650>,0.940580216707445,ANN,adam,relu,adaptive,2700,0.01,1e-05,"(100, 90)"
407,<ANN.ANN object at 0x20DD1550>,0.9070255155540021,<ANN.ANN object at 0x20DD1550>,0.9427938949085402,ANN,adam,relu,adaptive,2700,0.01,1e-05,"(100, 90, 80, 70)"
408,<ANN.ANN object at 0x20DD1750>,0.9192590003495281,<ANN.ANN object at 0x20DD1750>,0.9246184317837586,ANN,adam,relu,adaptive,2700,0.0001,0.0001,"(100, 90)"
409,<ANN.ANN object at 0x20DD16D0>,0.9084236281020622,<ANN.ANN object at 0x20DD16D0>,0.9373179540953047,ANN,adam,relu,adaptive,2700,0.0001,0.0001,"(100, 90, 80, 70)"
410,<ANN.ANN object at 0x20DD1850>,0.9171618315274379,<ANN.ANN object at 0x20DD1850>,0.9277641850168938,ANN,adam,relu,adaptive,2700,0.0001,0.0009,"(100, 90)"
411,<ANN.ANN object at 0x20DD18D0>,0.905976931142957,<ANN.ANN object at 0x20DD18D0>,0.9385995572643597,ANN,adam,relu,adaptive,2700,0.0001,0.0009,"(100, 90, 80, 70)"
412,<ANN.ANN object at 0x20DD1950>,0.9203075847605732,<ANN.ANN object at 0x20DD1950>,0.9238028661307235,ANN,adam,relu,adaptive,2700,0.0001,1e-05,"(100, 90)"
413,<ANN.ANN object at 0x20DD19D0>,0.9031807060468368,<ANN.ANN object at 0x20DD19D0>,0.9418618198765001,ANN,adam,relu,adaptive,2700,0.0001,1e-05,"(100, 90, 80, 70)"
414,<ANN.ANN object at 0x20DD17D0>,0.9045788185948969,<ANN.ANN object at 0x20DD17D0>,0.9443085168356052,ANN,adam,relu,adaptive,3700,0.001,0.0001,"(100, 90)"
415,<ANN.ANN object at 0x20DD1AD0>,0.9017825934987767,<ANN.ANN object at 0x20DD1AD0>,0.9465221950367004,ANN,adam,relu,adaptive,3700,0.001,0.0001,"(100, 90, 80, 70)"
416,<ANN.ANN object at 0x20DD1B50>,0.9084236281020622,<ANN.ANN object at 0x20DD1B50>,0.9438424793195852,ANN,adam,relu,adaptive,3700,0.001,0.0009,"(100, 90)"
417,<ANN.ANN object at 0x20DD1A50>,0.906326459279972,<ANN.ANN object at 0x20DD1A50>,0.9458231387626704,ANN,adam,relu,adaptive,3700,0.001,0.0009,"(100, 90, 80, 70)"
418,<ANN.ANN object at 0x20DD1BD0>,0.906326459279972,<ANN.ANN object at 0x20DD1BD0>,0.9438424793195852,ANN,adam,relu,adaptive,3700,0.001,1e-05,"(100, 90)"
419,<ANN.ANN object at 0x20DD1C50>,0.894092974484446,<ANN.ANN object at 0x20DD1C50>,0.9464056856576955,ANN,adam,relu,adaptive,3700,0.001,1e-05,"(100, 90, 80, 70)"
420,<ANN.ANN object at 0x20DD1CD0>,0.9035302341838518,<ANN.ANN object at 0x20DD1CD0>,0.9448910637306304,ANN,adam,relu,adaptive,3700,0.01,0.0001,"(100, 90)"
421,<ANN.ANN object at 0x20DD1D50>,0.9101712687871374,<ANN.ANN object at 0x20DD1D50>,0.9429104042875451,ANN,adam,relu,adaptive,3700,0.01,0.0001,"(100, 90, 80, 70)"
422,<ANN.ANN object at 0x20DD1E50>,0.893743446347431,<ANN.ANN object at 0x20DD1E50>,0.9427938949085402,ANN,adam,relu,adaptive,3700,0.01,0.0009,"(100, 90)"
423,<ANN.ANN object at 0x20DD1DD0>,0.9115693813351975,<ANN.ANN object at 0x20DD1DD0>,0.9418618198765001,ANN,adam,relu,adaptive,3700,0.01,0.0009,"(100, 90, 80, 70)"
424,<ANN.ANN object at 0x20DD1F50>,0.9098217406501223,<ANN.ANN object at 0x20DD1F50>,0.9403471979494349,ANN,adam,relu,adaptive,3700,0.01,1e-05,"(100, 90)"
425,<ANN.ANN object at 0x20DD1ED0>,0.9045788185948969,<ANN.ANN object at 0x20DD1ED0>,0.9391821041593849,ANN,adam,relu,adaptive,3700,0.01,1e-05,"(100, 90, 80, 70)"
426,<ANN.ANN object at 0x20DEF030>,0.9203075847605732,<ANN.ANN object at 0x20DEF030>,0.9234533379937085,ANN,adam,relu,adaptive,3700,0.0001,0.0001,"(100, 90)"
427,<ANN.ANN object at 0x20DEF0F0>,0.8916462775253408,<ANN.ANN object at 0x20DEF0F0>,0.9434929511825701,ANN,adam,relu,adaptive,3700,0.0001,0.0001,"(100, 90, 80, 70)"
428,<ANN.ANN object at 0x20DEF170>,0.9171618315274379,<ANN.ANN object at 0x20DEF170>,0.9272981475008738,ANN,adam,relu,adaptive,3700,0.0001,0.0009,"(100, 90)"
429,<ANN.ANN object at 0x20DEF1F0>,0.9129674938832576,<ANN.ANN object at 0x20DEF1F0>,0.9377839916113248,ANN,adam,relu,adaptive,3700,0.0001,0.0009,"(100, 90, 80, 70)"
430,<ANN.ANN object at 0x20DEF070>,0.9199580566235582,<ANN.ANN object at 0x20DEF070>,0.9248514505417686,ANN,adam,relu,adaptive,3700,0.0001,1e-05,"(100, 90)"
431,<ANN.ANN object at 0x20DEF2F0>,0.9031807060468368,<ANN.ANN object at 0x20DEF2F0>,0.9408132354654549,ANN,adam,relu,adaptive,3700,0.0001,1e-05,"(100, 90, 80, 70)"
432,<ANN.ANN object at 0x20DEF370>,0.9105207969241524,<ANN.ANN object at 0x20DEF370>,0.9392986135383898,ANN,adam,relu,adaptive,4700,0.001,0.0001,"(100, 90)"
433,<ANN.ANN object at 0x20DEF270>,0.9038797623208669,<ANN.ANN object at 0x20DEF270>,0.9466387044157054,ANN,adam,relu,adaptive,4700,0.001,0.0001,"(100, 90, 80, 70)"
434,<ANN.ANN object at 0x20DEF3F0>,0.9017825934987767,<ANN.ANN object at 0x20DEF3F0>,0.9434929511825701,ANN,adam,relu,adaptive,4700,0.001,0.0009,"(100, 90)"
435,<ANN.ANN object at 0x20DEF470>,0.9007340090877316,<ANN.ANN object at 0x20DEF470>,0.9473377606897355,ANN,adam,relu,adaptive,4700,0.001,0.0009,"(100, 90, 80, 70)"
436,<ANN.ANN object at 0x20DEF570>,0.9098217406501223,<ANN.ANN object at 0x20DEF570>,0.9384830478853547,ANN,adam,relu,adaptive,4700,0.001,1e-05,"(100, 90)"
437,<ANN.ANN object at 0x20DEF4F0>,0.9073750436910172,<ANN.ANN object at 0x20DEF4F0>,0.9474542700687405,ANN,adam,relu,adaptive,4700,0.001,1e-05,"(100, 90, 80, 70)"
438,<ANN.ANN object at 0x20DEF670>,0.9066759874169871,<ANN.ANN object at 0x20DEF670>,0.9458231387626704,ANN,adam,relu,adaptive,4700,0.01,0.0001,"(100, 90)"
439,<ANN.ANN object at 0x20DEF5F0>,0.9091226843760922,<ANN.ANN object at 0x20DEF5F0>,0.9368519165792847,ANN,adam,relu,adaptive,4700,0.01,0.0001,"(100, 90, 80, 70)"
440,<ANN.ANN object at 0x20DEF770>,0.9042292904578818,<ANN.ANN object at 0x20DEF770>,0.9459396481416754,ANN,adam,relu,adaptive,4700,0.01,0.0009,"(100, 90)"
441,<ANN.ANN object at 0x20DEF6F0>,0.9101712687871374,<ANN.ANN object at 0x20DEF6F0>,0.9381335197483397,ANN,adam,relu,adaptive,4700,0.01,0.0009,"(100, 90, 80, 70)"
442,<ANN.ANN object at 0x20DEF870>,0.9049283467319119,<ANN.ANN object at 0x20DEF870>,0.9462891762786905,ANN,adam,relu,adaptive,4700,0.01,1e-05,"(100, 90)"
443,<ANN.ANN object at 0x20DEF7F0>,0.9080740999650472,<ANN.ANN object at 0x20DEF7F0>,0.9361528603052546,ANN,adam,relu,adaptive,4700,0.01,1e-05,"(100, 90, 80, 70)"
444,<ANN.ANN object at 0x20DEF8F0>,0.9199580566235582,<ANN.ANN object at 0x20DEF8F0>,0.9241523942677385,ANN,adam,relu,adaptive,4700,0.0001,0.0001,"(100, 90)"
445,<ANN.ANN object at 0x20DEF9F0>,0.9126179657462425,<ANN.ANN object at 0x20DEF9F0>,0.9397646510544099,ANN,adam,relu,adaptive,4700,0.0001,0.0001,"(100, 90, 80, 70)"
446,<ANN.ANN object at 0x20DEF970>,0.9192590003495281,<ANN.ANN object at 0x20DEF970>,0.9247349411627636,ANN,adam,relu,adaptive,4700,0.0001,0.0009,"(100, 90)"
447,<ANN.ANN object at 0x20DEFA70>,0.9049283467319119,<ANN.ANN object at 0x20DEFA70>,0.9436094605615752,ANN,adam,relu,adaptive,4700,0.0001,0.0009,"(100, 90, 80, 70)"
448,<ANN.ANN object at 0x20DEFAF0>,0.916812303390423,<ANN.ANN object at 0x20DEFAF0>,0.9274146568798788,ANN,adam,relu,adaptive,4700,0.0001,1e-05,"(100, 90)"
449,<ANN.ANN object at 0x20DEFB70>,0.9091226843760922,<ANN.ANN object at 0x20DEFB70>,0.9419783292555051,ANN,adam,relu,adaptive,4700,0.0001,1e-05,"(100, 90, 80, 70)"
450,<ANN.ANN object at 0x20DEFC70>,0.9066759874169871,<ANN.ANN object at 0x20DEFC70>,0.9422113480135151,ANN,adam,relu,adaptive,5700,0.001,0.0001,"(100, 90)"
451,<ANN.ANN object at 0x20DEFCF0>,0.8979377839916113,<ANN.ANN object at 0x20DEFCF0>,0.9455901200046604,ANN,adam,relu,adaptive,5700,0.001,0.0001,"(100, 90, 80, 70)"
452,<ANN.ANN object at 0x20DEFBF0>,0.9014330653617616,<ANN.ANN object at 0x20DEFBF0>,0.9447745543516253,ANN,adam,relu,adaptive,5700,0.001,0.0009,"(100, 90)"
453,<ANN.ANN object at 0x20DEFDF0>,0.8961901433065361,<ANN.ANN object at 0x20DEFDF0>,0.9472212513107305,ANN,adam,relu,adaptive,5700,0.001,0.0009,"(100, 90, 80, 70)"
454,<ANN.ANN object at 0x20DEFE70>,0.905976931142957,<ANN.ANN object at 0x20DEFE70>,0.9441920074566003,ANN,adam,relu,adaptive,5700,0.001,1e-05,"(100, 90)"
455,<ANN.ANN object at 0x20DEFD70>,0.9007340090877316,<ANN.ANN object at 0x20DEFD70>,0.9462891762786905,ANN,adam,relu,adaptive,5700,0.001,1e-05,"(100, 90, 80, 70)"
456,<ANN.ANN object at 0x20DEFF70>,0.905277874868927,<ANN.ANN object at 0x20DEFF70>,0.9464056856576955,ANN,adam,relu,adaptive,5700,0.01,0.0001,"(100, 90)"
457,<ANN.ANN object at 0x20E0D030>,0.9049283467319119,<ANN.ANN object at 0x20E0D030>,0.9441920074566003,ANN,adam,relu,adaptive,5700,0.01,0.0001,"(100, 90, 80, 70)"
458,<ANN.ANN object at 0x20E0D070>,0.905627403005942,<ANN.ANN object at 0x20E0D070>,0.9474542700687405,ANN,adam,relu,adaptive,5700,0.01,0.0009,"(100, 90)"
459,<ANN.ANN object at 0x20E0D090>,0.9133170220202727,<ANN.ANN object at 0x20E0D090>,0.9349877665152044,ANN,adam,relu,adaptive,5700,0.01,0.0009,"(100, 90, 80, 70)"
460,<ANN.ANN object at 0x20E0D110>,0.9003844809507165,<ANN.ANN object at 0x20E0D110>,0.9462891762786905,ANN,adam,relu,adaptive,5700,0.01,1e-05,"(100, 90)"
461,<ANN.ANN object at 0x20E0D190>,0.9129674938832576,<ANN.ANN object at 0x20E0D190>,0.9383665385063498,ANN,adam,relu,adaptive,5700,0.01,1e-05,"(100, 90, 80, 70)"
462,<ANN.ANN object at 0x20E0D210>,0.9196085284865432,<ANN.ANN object at 0x20E0D210>,0.9254339974367937,ANN,adam,relu,adaptive,5700,0.0001,0.0001,"(100, 90)"
463,<ANN.ANN object at 0x20E0D310>,0.9084236281020622,<ANN.ANN object at 0x20E0D310>,0.9437259699405802,ANN,adam,relu,adaptive,5700,0.0001,0.0001,"(100, 90, 80, 70)"
464,<ANN.ANN object at 0x20E0D390>,0.9203075847605732,<ANN.ANN object at 0x20E0D390>,0.9236863567517185,ANN,adam,relu,adaptive,5700,0.0001,0.0009,"(100, 90)"
465,<ANN.ANN object at 0x20E0D290>,0.9154141908423629,<ANN.ANN object at 0x20E0D290>,0.9341722008621695,ANN,adam,relu,adaptive,5700,0.0001,0.0009,"(100, 90, 80, 70)"
466,<ANN.ANN object at 0x20E0D410>,0.9192590003495281,<ANN.ANN object at 0x20E0D410>,0.9255505068157986,ANN,adam,relu,adaptive,5700,0.0001,1e-05,"(100, 90)"
467,<ANN.ANN object at 0x20E0D510>,0.9073750436910172,<ANN.ANN object at 0x20E0D510>,0.9367354072002796,ANN,adam,relu,adaptive,5700,0.0001,1e-05,"(100, 90, 80, 70)"
468,<ANN.ANN object at 0x20E0D490>,0.9024816497728068,<ANN.ANN object at 0x20E0D490>,0.9438424793195852,ANN,adam,relu,adaptive,6700,0.001,0.0001,"(100, 90)"
469,<ANN.ANN object at 0x20E0D610>,0.905277874868927,<ANN.ANN object at 0x20E0D610>,0.9469882325527205,ANN,adam,relu,adaptive,6700,0.001,0.0001,"(100, 90, 80, 70)"
470,<ANN.ANN object at 0x20E0D690>,0.9126179657462425,<ANN.ANN object at 0x20E0D690>,0.9382500291273448,ANN,adam,relu,adaptive,6700,0.001,0.0009,"(100, 90)"
471,<ANN.ANN object at 0x20E0D710>,0.8968891995805662,<ANN.ANN object at 0x20E0D710>,0.9458231387626704,ANN,adam,relu,adaptive,6700,0.001,0.0009,"(100, 90, 80, 70)"
472,<ANN.ANN object at 0x20E0D790>,0.9133170220202727,<ANN.ANN object at 0x20E0D790>,0.9359198415472445,ANN,adam,relu,adaptive,6700,0.001,1e-05,"(100, 90)"
473,<ANN.ANN object at 0x20E0D810>,0.9112198531981824,<ANN.ANN object at 0x20E0D810>,0.9443085168356052,ANN,adam,relu,adaptive,6700,0.001,1e-05,"(100, 90, 80, 70)"
474,<ANN.ANN object at 0x20E0D890>,0.9066759874169871,<ANN.ANN object at 0x20E0D890>,0.941512291739485,ANN,adam,relu,adaptive,6700,0.01,0.0001,"(100, 90)"
475,<ANN.ANN object at 0x20E0D910>,0.905976931142957,<ANN.ANN object at 0x20E0D910>,0.9427938949085402,ANN,adam,relu,adaptive,6700,0.01,0.0001,"(100, 90, 80, 70)"
476,<ANN.ANN object at 0x20E0D990>,0.9077245718280321,<ANN.ANN object at 0x20E0D990>,0.9445415355936153,ANN,adam,relu,adaptive,6700,0.01,0.0009,"(100, 90)"
477,<ANN.ANN object at 0x20E0D590>,0.9091226843760922,<ANN.ANN object at 0x20E0D590>,0.93999766981242,ANN,adam,relu,adaptive,6700,0.01,0.0009,"(100, 90, 80, 70)"
478,<ANN.ANN object at 0x20E0DA10>,0.9094722125131073,<ANN.ANN object at 0x20E0DA10>,0.9430269136665501,ANN,adam,relu,adaptive,6700,0.01,1e-05,"(100, 90)"
479,<ANN.ANN object at 0x20E0DA90>,0.9087731562390773,<ANN.ANN object at 0x20E0DA90>,0.9406967260864499,ANN,adam,relu,adaptive,6700,0.01,1e-05,"(100, 90, 80, 70)"
480,<ANN.ANN object at 0x20E0DB90>,0.9203075847605732,<ANN.ANN object at 0x20E0DB90>,0.9246184317837586,ANN,adam,relu,adaptive,6700,0.0001,0.0001,"(100, 90)"
481,<ANN.ANN object at 0x20E0DB10>,0.9077245718280321,<ANN.ANN object at 0x20E0DB10>,0.94209483863451,ANN,adam,relu,adaptive,6700,0.0001,0.0001,"(100, 90, 80, 70)"
482,<ANN.ANN object at 0x20E0DC90>,0.9164627752534079,<ANN.ANN object at 0x20E0DC90>,0.928929278806944,ANN,adam,relu,adaptive,6700,0.0001,0.0009,"(100, 90)"
483,<ANN.ANN object at 0x20E0DC10>,0.9084236281020622,<ANN.ANN object at 0x20E0DC10>,0.9401141791914249,ANN,adam,relu,adaptive,6700,0.0001,0.0009,"(100, 90, 80, 70)"
484,<ANN.ANN object at 0x20E0DD10>,0.9199580566235582,<ANN.ANN object at 0x20E0DD10>,0.9240358848887336,ANN,adam,relu,adaptive,6700,0.0001,1e-05,"(100, 90)"
485,<ANN.ANN object at 0x20E0DE10>,0.9094722125131073,<ANN.ANN object at 0x20E0DE10>,0.9376674822323197,ANN,adam,relu,adaptive,6700,0.0001,1e-05,"(100, 90, 80, 70)"
486,<ANN.ANN object at 0x20E0DE90>,0.905627403005942,<ANN.ANN object at 0x20E0DE90>,0.94209483863451,ANN,adam,relu,adaptive,7700,0.001,0.0001,"(100, 90)"
487,<ANN.ANN object at 0x20E0DF10>,0.9007340090877316,<ANN.ANN object at 0x20E0DF10>,0.9462891762786905,ANN,adam,relu,adaptive,7700,0.001,0.0001,"(100, 90, 80, 70)"
488,<ANN.ANN object at 0x20E0DD90>,0.9031807060468368,<ANN.ANN object at 0x20E0DD90>,0.9444250262146103,ANN,adam,relu,adaptive,7700,0.001,0.0009,"(100, 90)"
489,<ANN.ANN object at 0x2364C030>,0.9024816497728068,<ANN.ANN object at 0x2364C030>,0.9464056856576955,ANN,adam,relu,adaptive,7700,0.001,0.0009,"(100, 90, 80, 70)"
490,<ANN.ANN object at 0x2364C050>,0.9045788185948969,<ANN.ANN object at 0x2364C050>,0.9436094605615752,ANN,adam,relu,adaptive,7700,0.001,1e-05,"(100, 90)"
491,<ANN.ANN object at 0x2364C130>,0.9035302341838518,<ANN.ANN object at 0x2364C130>,0.9462891762786905,ANN,adam,relu,adaptive,7700,0.001,1e-05,"(100, 90, 80, 70)"
492,<ANN.ANN object at 0x2364C0B0>,0.9133170220202727,<ANN.ANN object at 0x2364C0B0>,0.941512291739485,ANN,adam,relu,adaptive,7700,0.01,0.0001,"(100, 90)"
493,<ANN.ANN object at 0x2364C230>,0.9129674938832576,<ANN.ANN object at 0x2364C230>,0.9392986135383898,ANN,adam,relu,adaptive,7700,0.01,0.0001,"(100, 90, 80, 70)"
494,<ANN.ANN object at 0x2364C2B0>,0.9014330653617616,<ANN.ANN object at 0x2364C2B0>,0.9377839916113248,ANN,adam,relu,adaptive,7700,0.01,0.0009,"(100, 90)"
495,<ANN.ANN object at 0x2364C330>,0.9035302341838518,<ANN.ANN object at 0x2364C330>,0.9361528603052546,ANN,adam,relu,adaptive,7700,0.01,0.0009,"(100, 90, 80, 70)"
496,<ANN.ANN object at 0x2364C1B0>,0.8996854246766864,<ANN.ANN object at 0x2364C1B0>,0.9451240824886403,ANN,adam,relu,adaptive,7700,0.01,1e-05,"(100, 90)"
497,<ANN.ANN object at 0x2364C430>,0.9010835372247465,<ANN.ANN object at 0x2364C430>,0.9434929511825701,ANN,adam,relu,adaptive,7700,0.01,1e-05,"(100, 90, 80, 70)"
498,<ANN.ANN object at 0x2364C4B0>,0.9182104159384831,<ANN.ANN object at 0x2364C4B0>,0.928929278806944,ANN,adam,relu,adaptive,7700,0.0001,0.0001,"(100, 90)"
499,<ANN.ANN object at 0x2364C530>,0.9157637189793778,<ANN.ANN object at 0x2364C530>,0.9318420132820692,ANN,adam,relu,adaptive,7700,0.0001,0.0001,"(100, 90, 80, 70)"
500,<ANN.ANN object at 0x2364C3B0>,0.9192590003495281,<ANN.ANN object at 0x2364C3B0>,0.9278806943958988,ANN,adam,relu,adaptive,7700,0.0001,0.0009,"(100, 90)"
501,<ANN.ANN object at 0x2364C630>,0.906326459279972,<ANN.ANN object at 0x2364C630>,0.9429104042875451,ANN,adam,relu,adaptive,7700,0.0001,0.0009,"(100, 90, 80, 70)"
502,<ANN.ANN object at 0x2364C5B0>,0.9189094722125131,<ANN.ANN object at 0x2364C5B0>,0.9272981475008738,ANN,adam,relu,adaptive,7700,0.0001,1e-05,"(100, 90)"
503,<ANN.ANN object at 0x2364C6B0>,0.9119189094722125,<ANN.ANN object at 0x2364C6B0>,0.9354538040312245,ANN,adam,relu,adaptive,7700,0.0001,1e-05,"(100, 90, 80, 70)"
504,<ANN.ANN object at 0x2364C7B0>,0.9014330653617616,<ANN.ANN object at 0x2364C7B0>,0.9452405918676453,ANN,adam,relu,adaptive,8700,0.001,0.0001,"(100, 90)"
505,<ANN.ANN object at 0x2364C830>,0.8996854246766864,<ANN.ANN object at 0x2364C830>,0.9455901200046604,ANN,adam,relu,adaptive,8700,0.001,0.0001,"(100, 90, 80, 70)"
506,<ANN.ANN object at 0x2364C730>,0.9119189094722125,<ANN.ANN object at 0x2364C730>,0.9388325760223698,ANN,adam,relu,adaptive,8700,0.001,0.0009,"(100, 90)"
507,<ANN.ANN object at 0x2364C930>,0.905627403005942,<ANN.ANN object at 0x2364C930>,0.9462891762786905,ANN,adam,relu,adaptive,8700,0.001,0.0009,"(100, 90, 80, 70)"
508,<ANN.ANN object at 0x2364C9B0>,0.9080740999650472,<ANN.ANN object at 0x2364C9B0>,0.9430269136665501,ANN,adam,relu,adaptive,8700,0.001,1e-05,"(100, 90)"
509,<ANN.ANN object at 0x2364C8B0>,0.8996854246766864,<ANN.ANN object at 0x2364C8B0>,0.9455901200046604,ANN,adam,relu,adaptive,8700,0.001,1e-05,"(100, 90, 80, 70)"
510,<ANN.ANN object at 0x2364CA30>,0.9024816497728068,<ANN.ANN object at 0x2364CA30>,0.9440754980775953,ANN,adam,relu,adaptive,8700,0.01,0.0001,"(100, 90)"
511,<ANN.ANN object at 0x2364CB30>,0.9049283467319119,<ANN.ANN object at 0x2364CB30>,0.9443085168356052,ANN,adam,relu,adaptive,8700,0.01,0.0001,"(100, 90, 80, 70)"
512,<ANN.ANN object at 0x2364CBB0>,0.9077245718280321,<ANN.ANN object at 0x2364CBB0>,0.9432599324245602,ANN,adam,relu,adaptive,8700,0.01,0.0009,"(100, 90)"
513,<ANN.ANN object at 0x2364CC30>,0.9140160782943026,<ANN.ANN object at 0x2364CC30>,0.9376674822323197,ANN,adam,relu,adaptive,8700,0.01,0.0009,"(100, 90, 80, 70)"
514,<ANN.ANN object at 0x2364CAB0>,0.9021321216357917,<ANN.ANN object at 0x2364CAB0>,0.9462891762786905,ANN,adam,relu,adaptive,8700,0.01,1e-05,"(100, 90)"
515,<ANN.ANN object at 0x2364CD30>,0.9129674938832576,<ANN.ANN object at 0x2364CD30>,0.9374344634743097,ANN,adam,relu,adaptive,8700,0.01,1e-05,"(100, 90, 80, 70)"
516,<ANN.ANN object at 0x2364CCB0>,0.9189094722125131,<ANN.ANN object at 0x2364CCB0>,0.9262495630898288,ANN,adam,relu,adaptive,8700,0.0001,0.0001,"(100, 90)"
517,<ANN.ANN object at 0x2364CE30>,0.905976931142957,<ANN.ANN object at 0x2364CE30>,0.9432599324245602,ANN,adam,relu,adaptive,8700,0.0001,0.0001,"(100, 90, 80, 70)"
518,<ANN.ANN object at 0x2364CDB0>,0.9157637189793778,<ANN.ANN object at 0x2364CDB0>,0.9318420132820692,ANN,adam,relu,adaptive,8700,0.0001,0.0009,"(100, 90)"
519,<ANN.ANN object at 0x2364CEB0>,0.9143656064313177,<ANN.ANN object at 0x2364CEB0>,0.9332401258301293,ANN,adam,relu,adaptive,8700,0.0001,0.0009,"(100, 90, 80, 70)"
520,<ANN.ANN object at 0x2364CF30>,0.9210066410346033,<ANN.ANN object at 0x2364CF30>,0.9241523942677385,ANN,adam,relu,adaptive,8700,0.0001,1e-05,"(100, 90)"
521,<ANN.ANN object at 0x23669030>,0.9087731562390773,<ANN.ANN object at 0x23669030>,0.9436094605615752,ANN,adam,relu,adaptive,8700,0.0001,1e-05,"(100, 90, 80, 70)"
522,<ANN.ANN object at 0x23669050>,0.905277874868927,<ANN.ANN object at 0x23669050>,0.9452405918676453,ANN,adam,relu,adaptive,9700,0.001,0.0001,"(100, 90)"
523,<ANN.ANN object at 0x236690D0>,0.9091226843760922,<ANN.ANN object at 0x236690D0>,0.9444250262146103,ANN,adam,relu,adaptive,9700,0.001,0.0001,"(100, 90, 80, 70)"
524,<ANN.ANN object at 0x236691D0>,0.9087731562390773,<ANN.ANN object at 0x236691D0>,0.9445415355936153,ANN,adam,relu,adaptive,9700,0.001,0.0009,"(100, 90)"
525,<ANN.ANN object at 0x23669150>,0.8898986368402656,<ANN.ANN object at 0x23669150>,0.93999766981242,ANN,adam,relu,adaptive,9700,0.001,0.0009,"(100, 90, 80, 70)"
526,<ANN.ANN object at 0x23669250>,0.9038797623208669,<ANN.ANN object at 0x23669250>,0.9458231387626704,ANN,adam,relu,adaptive,9700,0.001,1e-05,"(100, 90)"
527,<ANN.ANN object at 0x236692D0>,0.9045788185948969,<ANN.ANN object at 0x236692D0>,0.9441920074566003,ANN,adam,relu,adaptive,9700,0.001,1e-05,"(100, 90, 80, 70)"
528,<ANN.ANN object at 0x23669350>,0.9049283467319119,<ANN.ANN object at 0x23669350>,0.9437259699405802,ANN,adam,relu,adaptive,9700,0.01,0.0001,"(100, 90)"
529,<ANN.ANN object at 0x23669450>,0.9042292904578818,<ANN.ANN object at 0x23669450>,0.941512291739485,ANN,adam,relu,adaptive,9700,0.01,0.0001,"(100, 90, 80, 70)"
530,<ANN.ANN object at 0x236693D0>,0.9084236281020622,<ANN.ANN object at 0x236693D0>,0.9426773855295352,ANN,adam,relu,adaptive,9700,0.01,0.0009,"(100, 90)"
531,<ANN.ANN object at 0x23669550>,0.9098217406501223,<ANN.ANN object at 0x23669550>,0.9385995572643597,ANN,adam,relu,adaptive,9700,0.01,0.0009,"(100, 90, 80, 70)"
532,<ANN.ANN object at 0x236695D0>,0.9049283467319119,<ANN.ANN object at 0x236695D0>,0.9444250262146103,ANN,adam,relu,adaptive,9700,0.01,1e-05,"(100, 90)"
533,<ANN.ANN object at 0x236694D0>,0.9010835372247465,<ANN.ANN object at 0x236694D0>,0.9433764418035652,ANN,adam,relu,adaptive,9700,0.01,1e-05,"(100, 90, 80, 70)"
534,<ANN.ANN object at 0x236696D0>,0.9203075847605732,<ANN.ANN object at 0x236696D0>,0.9234533379937085,ANN,adam,relu,adaptive,9700,0.0001,0.0001,"(100, 90)"
535,<ANN.ANN object at 0x23669750>,0.9101712687871374,<ANN.ANN object at 0x23669750>,0.9418618198765001,ANN,adam,relu,adaptive,9700,0.0001,0.0001,"(100, 90, 80, 70)"
536,<ANN.ANN object at 0x23669650>,0.9199580566235582,<ANN.ANN object at 0x23669650>,0.9243854130257486,ANN,adam,relu,adaptive,9700,0.0001,0.0009,"(100, 90)"
537,<ANN.ANN object at 0x23669850>,0.9087731562390773,<ANN.ANN object at 0x23669850>,0.9369684259582897,ANN,adam,relu,adaptive,9700,0.0001,0.0009,"(100, 90, 80, 70)"
538,<ANN.ANN object at 0x236697D0>,0.9189094722125131,<ANN.ANN object at 0x236697D0>,0.9246184317837586,ANN,adam,relu,adaptive,9700,0.0001,1e-05,"(100, 90)"
539,<ANN.ANN object at 0x23669950>,0.9038797623208669,<ANN.ANN object at 0x23669950>,0.93999766981242,ANN,adam,relu,adaptive,9700,0.0001,1e-05,"(100, 90, 80, 70)"
